Firmenname,Adresse,Wärmemenge pro Jahr (in kWh/a)
3M Deutschland GmbH Werk Hilden,Düsseldorfer Straße 121 Hilden 40721,31046025.0
A & L Tierfrischmehl Produktions GmbH,Im Moore 1 Diepholz 49356,110216164.0
A E R O -Verpackungsgesellschaft m.b.H.,Zeppelinstraße 16 Geldern 47608,287000.0
A. Kayser Automotive Systems GmbH,Hullerser Landstrasse 43 Einbeck 37574,3990972.0
A.S. Création Tapeten AG,Albert-Einstein-Str. 9 Wiehl 51674,3533948.0
ABB AG,Oberhausener Str. 33 Ratingen 40472,1666750.0
ABC Keramik H & R Berentelg GmbH & Co. KG,Industriesztraße 10 Westerkappeln-Velpe 49492,33000000.0
ABC Umformtechnik GmbH & Co. KG,Kölner Strasse 64 Gevelsberg 58285,1583266.0
ABO Kraft & Wärme Zülpich GmbH & Co. KG,Veilchenstraße 23 Zülpich 53909,5040000.0
AEG PS GmbH,Emil-Siepmann-Straße 32 Warstein 59581,3334306.0
AGC INTERPANE Architectural Glass Gmbh,Sohnreystrasse 21 Lauenförde 37697,1834000.0
AGRAVIS Kraftfutterwerke Rhein Main GmbH,Duisburgerstraße 16 Neuss 41460,3154854.0
ALANOD GmbH & Co. KG,Katzbachstr. 16 Ennepetal 58256,736108.0
ALMO-Erzeugnisse Erwin Busch GmbH,Grosse Allee 84 Bad Arolsen 34454,6875381.0
ALPHA Warenhandel GmbH & Co. KG,Speicherstraße 2 Bochum-Hofstede 44809,18228209.0
AMS Asphaltmischwerke Stolberg GmbH,Aachener Straße / B221 Geilenkirchen 52511,933914.0
AST Kunststoffverarbeitung GmbH,Mühlenweg Erndtebrück 57339,7835947.0
ATLANTIC GmbH,Gartenstraße 7-17 Bonn 53229,4739670.0
AVG Köln mbH,Tonstraße 6  Erftstadt 50374,2094710532.0
AWIGO Biomasse GmbH,Dammer Straße 79 Bohmte-Hunteburg 49163,4700000.0
Aachener Printen- und Schokoladenfabrik Henry Lambertz GmbH & Co.KG,Borchersstraße 18 Aachen 52072,3492318.0
Aalberts Surface Technologies GmbH,Boelckestr. 25-27 Kerpen 50171,1904162.0
Abbelen GmbH,Kempener Str. 22 Tönisvorst 47918,1605046.0
Abfallwirtschaftsgesellschaft des Kreises Warendorf mbH,Westring 10 Ennigerloh 59320,5273670.0
Acontex GmbH,In der Mark 2 Rheda-Wiedenbrück 33378,1887312.0
Agravis Kraftfutterwerk Oldenburg GmbH,Mühlenstr. 15 Höltinghausen 49685,3219896.0
Air Liquide Deutschland GmbH,Alte Heerstraße E65 Dormagen 41540,145716939.67000002
Airbus Helicopters Technik GmbH,Flupplatzstraße Calden 34379,693272.0
Akzo Nobel Hilden GmbH,Düsseldorfer Str. 96-100 Hilden 40721,10975734.0
Albert Hoffmann GmbH,Bergratherstr. 66 Eschweiler 52249,7654500.0
Albert Pielhau GmbH & Co. KG,Am Anschlag 4 Halver 58553,1625000.0
Aldi Einkauf SE & Co. oHG,Eckenbergstraße 16b Essen 45307,21260000.0
Alesco Folien GmbH & Co. KG,Schönthaler Str. 55-59 Langerwehe 52379,772500.0
Alpla Werke Lehner GmbH & Co. KG,Thomas Edison Straße 12 Baesweiler 52499,7136000.0
Alstom Transportation Germany GmbH,Siegstraße 27 Netphen 57250,370000.0
Aluminiumwerk Unna AG,Uelzener Weg 36 Unna 59425,4939361.0
Anthura Arndt GmbH,Burdaper Heide 8 Borken 46325,43010902.0
ArcelorMittal Bremen GmbH,Prosperstr. 350 Bottrop 46238,1175477739.0
ArcelorMittal Hochfeld GmbH,Vohwinkel Straße 107 Duisburg 47137,112851542.0
Argelith Bodenkeramik H. Bitter GmbH,Schledehauser Str. 133 Bad Essen 49152,17987465.0
Armacell GmbH,Robert - Bosch - Str 10 Münster 48153,2760000.0
Arntz Optibelt GmbH,Corveyer Allee 15 Höxter 37671,1008000.0
Arsol Aromatics GmbH & Co. KG,Uferstraße 105 Gelsenkirchen 45881,44666157.0
Asklepios Klinik Bad Wildungen GmbH,Brunnenallee 19 Bad Wildungen 34537,1838000.0
Aug. Winkhaus SE & Co. KG,August-Winkhaus-Str. 31 Telgte 48291,1490263.0
Aug.Gundlach KG,Kasseler Straße 113 Großalmerode 37247,388600.0
August Jaeger Nachf. GmbH & Co. KG,Büchlerhausen 14 Engelskirchen 51766,74844.0
August Lücking GmbH & Co. KG,Eggestraße 2 Warburg 34414,38000935.0
August Rüggeberg GmbH & Co. KG,Hauptstraße 13  Marienheide  51709,596.0
August Storck KG,Paulinenweg 12 Halle (Westf.) 33790,33011497.0
Augustin Entsorgung Holding GmbH,Dieselstraße 49 Meppen 49716,572160.0
Aurubis AG,Kupferstraße 23 Lünen 44532,237734726.0
Aurubis Stolberg GmbH & Co. KG,Zweifaller Strasse  150 Stolberg 52224,14514847.0
Autoneum Germany GmbH,Borgersstr. 2-10 Bocholt 46397,2845560.0
B+F Bakery & Food GmbH,Marie-Curie-Straße 6 Gronau 48599,1780752.0
B+T Energie GmbH,Kasseler Landstraße 23 Witzenhausen 37213,700285500.0
B+T Horn Energie GmbH,Kampstraße 65 Horn-Bad Meinberg 32805,509145000.0
B. Braun Avitum AG,Kattenvenner Straße 32 Glandorf 49219,8475000.0
B. Braun Melsungen AG,Carl Braun Straße 1 Melsungen 34212,47440000.0
BASF Agricultural Solutions GmbH,Industriestrasse 149 Huerth 50354,13681900.0
BASF Coatings GmbH,Glasuritstrasse 1 Münster 48165,14610377.0
BASF Personal Care & Nutrition GmbH,HenkelstraÃe 67 Duesseldorf 40589,351201538.0
BASF Polyurethanes GmbH,Elastogranstraße 60 Lemförde 49448,15935000.0
BAUFELD-MINERALÖLRAFFINERIE DUISBURG GmbH & Co. KG,Krabbenkamp 11 Duisburg 47138,12877178.0
BBF Bielefelder Bäder und Freizeit GmbH,Schlauden 26 Bielefeld 33719,64510.0
BEL Leinetal Betriebs GmbH,Zementfabrik Hardegsen 37181,4624000.0
BENSELER BETEO GmbH & Co.KG,Kirchhoffstraße Gummersbach 51647,160700.0
BENSELER Oberflächentechnik NRW GmbH & Co. KG,Wibschla 31 Lüdenscheid 58509,93500.0
BENTELER Automobiltechnik GmbH,Ziegeleistr. 7 Kleinenberg 33165,18201217.0
BETA Warenhandel GmbH & Co. KG,Widumer Tor 1 Castrop-Rauxel 44575,1428924.0
BG Klinikum Duisburg gGmbH,Großenbaumer Allee 250 Duisburg 47249,2512316.0
BGH Edelstahl Siegen GmbH,Eiserfelder Straße 62 Siegen 57072,33578353.0512
BGS Beta-Gamma-Service GmbH & Co. KG,Fritz-Kotz-Str. 16 Wiehl 51674,934328.0
BILSTEIN GmbH & Co. KG,Im Weinhof 36 Hagen 58119,34605573.0
BMI Deutschland GmbH,Heisterholz 1 Petershagen 32469,10170500.0
BMK Biomassekraftwerk Lünen GmbH,Josef-Rethmann-Str. 4 Lünen 44536,414565582.0
BNP Brinkmann GmbH & Co. KG,Kreimershoek 11 Hörstel 48477,3387459.0
BONG GmbH,Piepersberg 30 Solingen 42653,193721.0
BP Europa SE,Raffineriestraße 1 Lingen 49808,2599818333.42
BPW Bergische Achsen KG,Röhlefelder Straße 1 Brüchermühle 51580,5942898.0
BSN Jobst GmbH,Beiersdorfstraße 1 Emmerich 46446,813240.0
Baerlocher GmbH,Am Hilgenberg 1 Lingen (Ems) 49811,2751164.0
Bakelite GmbH,Glockenrain 2 Frielendorf 34621,17355879.0
Ball Beverage Packaging Gelsenkirchen GmbH,Emscherstraße 46 Gelsenkirchen 45891,7802590.0
Bamberger Mälzerei Beteiligungs GmbH,Rheinstraße 158-168 Mülheim 45478,10987628.0
Baosteel Tailored Blanks GmbH,Mannesmannstrasse 101 Duisburg 47259,1593297.0
Baumit GmbH z.Hd. Geschäftsführer,Karlstr. 23 Oer-Erkenschwick 45739,1056000.0
Befesa Salzschlacke GmbH,Brunnenstraße 138 Lünen 44536,70714995.0
Behr-Hella Thermocontrol GmbH,Hansastraße 40 Lippstadt 59557,945804.0
Benteler Steel Tube GmbH und Co. KG,Luisenstraße 117 Dinslaken 46537,130089425.0
Bergmannsheil und Kinderklinik Buer GmbH,Schernerweg 4 Gelsenkirchen 45894,1581082.0
Berief Food GmbH,Kerkbrede 3 Beckum 59269,5292331.0
Beulco GmbH & Co. KG,Kölner Straße 92 Attendorn 57439,505755.0
Bewital agri GmbH & Co.KG,Industriestrasse 10 Südlohn-Oeding 46354,981000.0
Bewital petfood GmbH & Co.KG,Daimlerstrasse 20 Südlohn-Oeding 46354,1228000.0
Bioenergie Lünen GmbH & Co. KG,Buchenberg 80 Lünen 44532,2047527.0
Bioiberica GmbH,Aurea 4 Rheda-Wiedenbrück 33378,7634447.0
Bischof+Klein,Rahestraße 47 Lengerich 49525,9803000.0
Björn Liewert,Raiffeisenstrasse 2 Radevormwald 42477,188497.0
Blanke textech GmbH,Industriestr. 6-12 Bad Salzuflen 32108,8523364.0
Bleistahl Produktions GmbH & Co. KG,Osterfeldstr.51 Wetter 58300,20974000.0
Blomberger Holzindustrie GmbH,Königswinkel 2  Blomberg 32825,2236125.0
Bochumer Fleisch GmbH & Co.KG,Freudenbergstrasse 45K Bochum 44809,22360098.0
Bon Gelati Haaren GmbH,Entenpfuhl 6 Waldfeucht 52525,1520676.0
Bon Gelati Übach-Palenberg GmbH & Co. KG,David-Hansemann-Straße 1-25 Übach-Palenberg  52531,2150360.0
Bonback Übach-Palenberg GmbH & Co. KG,David-Hansemann-Straße 1-25 Übach-Palenberg 52531,18661755.0
Bonifatius Hospital Lingen gGmbH,Wilhelmstraße 13 Lingen 49808,914430.0
Brand Qualitätsfleisch GmbH & Co. KG,Brandstr. 21 Lohne 49393,520000.0
Brauerei C. & A. Veltins GmbH & Co.KG,An der Streue 2 Meschede 59872,33365634.0
Brockhaus Stahl GmbH,Herscheider Str. 81 Plettenberg 58840,2189501.0
BÖGRA Technologie GmbH,Georgestraße 5 Solingen 42719,258423.0
Bäckerei Hermann GmbH,Einbecker Landstraße 22 Northeim 37154,944985.0
Bäckerei Schneider GmbH,Daimlerstr. 9 Elsdorf 50189,233720.0
Börde-Energie GmbH & Co. KG,Northeimer Str. 51 Warburg 34414,17882300.0
Böseler Goldschmaus GmbH & Co. KG,Industriestraße 10 Garrel 49681,5756444.0
Bünting SCM / Logistik GmbH & Co. KG,Hansastraße 84 Wallenhorst 49134,3372000.0
Bürkert Werke GmbH & Co. KG,Holzener Straße 72 Menden 58708,25700.0
CABB GmbH,Industriestr. 300 Hürth 50351,19984238.0
CIRKEL GmbH & Co.KG,Veltrup 22a Emsdetten 48282,2519148.0
CLAAS Industrietechnik GmbH,Halberstädterstr. 15-19 Paderborn 33106,1350000.0
CLAAS Selbstfahrende Erntemaschinen GmbH,Mühlenwinkel 1 Harsewinkel 33428,935928.0
CMP Cologne GmbH,Neusser Landstraße 16 Köln 50735,9600000.0
COMPO EXPERT GmbH,Ohlendorffstraße 29 Krefeld 47809,67834183.0
CaPlast Kunststoffverarbeitungs GmbH,Magdheide 7 Nordkirchen 59394,914179.0
Calcis Lienen GmbH & Co. KG,Holperdorper Str. 47 Lienen 49536,40595564.0
CarboTech Production GmbH,Elisenstraße 119 Essen 45139,14115144.0
Carl Eichhorn KG,Wymarstrasse 13 Jülich 52428,4647479.0
Carolinen Brunnen GmbH & Co. KG,Detmolder Straße 767 Bielefeld 33699,834513.0
Castellmuehle Krefeld GmbH,Castellweg 4 Krefeld 47809,20296134.0
Celanese Uentrop GmbH,Frielinghauser Str. 5 Hamm (Westfalen) 59071,1912440.0
CemeCon AG,Adenauerstraße 20 A Würselen 52146,5459582.0
Chemische Fabrik Brühl Mare GmbH,Kreuzauer Straße 46 Düren 52355,3794019.0
Chemische Fabrik Wocklum Gebr. Hertin GmbH & Co.KG,Glärbach 2 Balve 58802,11.0
Clear Edge-Germany GmbH,Kevelaererstraße 78 Geldern 47608,2451506.0
Coca-Cola Europacific Partners Deutschland GmbH,Landskronerstraße 175 Bad Neuenahr 53474,3434137.0
Coldstore Hamm GmbH,Kranstraße 34 Hamm 59071,15527171.0
Combi-Verbrauchermarkt Einkaufsstätte GmbH & Co. KG,Trüller Straße 1 Celle 32339,6918000.0
Conditess Feine Kuchen GmbH,Hammer-Tannen-Str. 11 Haselünne 49740,10888507.0
Conditorei Coppenrath & Wiese KG,Hansastraße 10 Mettingen 49497,102300984.0
Constantia Aloform GmbH,Schlacht 2 Werdohl 58791,1060811.0
ContiTech Elastomerbeschichtungen GmbH,Breslauer Str. 14 Northeim 37154,253679.0
ContiTech MGW GmbH,Kasseler Straße 11 Hann Münden 34346,1040000.0
ContiTech Schlauch GmbH,Continentalstr. 3-5 Korbach 34497,6434043.0
ContiTech Transportbandsysteme GmbH,Clausthalstr. 2 Moers 47441,38274355.957
ContiTech Vibration Control GmbH,Breslauer Str. 14 Northeim 37154,1095911.0
Continental Reifen Deutschland GmbH,Continentalstraße 3 Korbach 34497,21412000.0
CoorsTek GmbH,Nobelstraße 6 Mönchengladbach 41189,828000.0
Coroplast Fritz Müller GmbH & Co. KG,Wittener 271 Wuppertal 42279,5953774.0
Covestro Deutschland AG,Neusser Landstraße Gebäude 8 Dormagen 41538,507006736.0
Crespel & Deiters GmbH & Co. KG,Groner Allee 76 Ibbenbüren 49479,50381129.0
Cölner Hofbräu FRÜH GmbH & Co. KG,Robert-Bosch-Str. 15 Köln 50769,2879825.0
DB InfraGO AG,Am Hauptbahnhof 5 Essen 45127,3179670.0
DBW Advanced Fiber Technologies GmbH,Rodetal 40 Bovenden 37120,13975442.0
DK Recycling und Roheisen GmbH,Werthauser Str. 182 Duisburg 47053,228424847.0
DMK Deutsches Milchkontor GmbH,Hauptstraße 2 Beesten 49832,74841505.0
DMV Deutschland GmbH,Bahnstr 61 Remscheid 42859,2028800.0
DOM Sicherheitstechnik GmbH & Co.KG,Wesselinger Straße 10-16 Brühl 50321,1730000.0
DRK gem. Krankenhausgesellschaft mbH Rheinland-Pfalz,Bahnhofstraße 24 Kirchen 57548,1516541.0
DURST MALZ Heinrich Durst Malzfabriken GmbH & Co.KG,Weserstraße 31 Castrop-Rauxel 44579,3244072.0
DWK Drahtwerk Kön GmbH,Schanzenstraße 40 Köln 51063,10138513.0
DYNOS GmbH,Mülheimer Strasse 26 Troisdorf 53840,3744000.0
Dachkeramik Meyer-Holsen GmbH,Tonstraße 78 Hüllhorst 32609,16604663.0
Dachziegelwerke Bilshausen GmbH & Co.KG,Osteroder Straße 2 Bilshausen 37434,30056774.0
Danish Crown Fleisch GmbH,Waldstrasse 7 Essen 49632,9145500.0
Danish Crown Foods Germany GmbH,Schwege 52 Dinklage 49413,3477330.0
Debus Glühen - Wärmebehandlung - Sandstrahlen GmbH,Setzer Straße 6 Kreuztal 57223,1540210.0
Dekor-Kunststoffe GmbH,Melbacher Höhe 1 Erndtebrück 57339,1028600.0
Delkeskamp Verpackungswerke GmbH,Hauptstraße 15 Nortrup 49638,17948076.0
Demag Cranes & Components GmbH,August-Bebel-Str. 2 Uslar 37170,4865569.0
Dettmer Verpackungen GmbH &Co.KG,Gewerbering 19 Lohne 49393,763972.0
Deutsche Apotheker- und Ärztebank,Richard-Oskar-Mattern-Str.6 Düsseldorf 40547,1677265.0
Deutsche Baryt Industrie Dr. Rudolf Alberti GmbH&Co.KG,Bahnhofstr. 21-39 Bad Lauterberg 37431,2882234.0
Deutsche Edelstahlwerke Siegen/Hagen GmbH & Co. KG,Schwanenstrasse 8 Hagen 58089,90489150.0
Deutsche Edelstahlwerke Witten/Krefeld GmbH & Co. KG,Oberschlesienstrasse 16 Krefeld 47807,55340033.0
Deutsche Giessdraht Gesellschaft mbH,Kupferstrasse 5 Emmerich am Rhein 46446,6356000.0
Deutsche Infineum GmbH & Co. KG,Neusser Landstrasse 16 Köln 50735,63898847.0
Deutsche See GmbH,Oldentruper Straße 145 Bielefeld 33605,340738.0
Deutsche Steinzeug Solar Ceramics GmbH,Rheinallee 19 Sinzig 53489,38368732.0
Deutsche Tiernahrung Cremer Gmbh & Co. KG,Am Flugplatz 1 Bramsche 49565,12863998.0
Deutz AG,Ottostr. 1 Köln 51149,11194442.0
Diakonie Klinikum GmbH,Euelsbruchstraße 39 Freudenberg 57258,10918786.0
Dierichs Druck + Media GmbH & Co. KG,Frankfurter Straße 168 Kassel 34121,5860400.0
Digital Reality Germany GmbH,"In der Steele, 25-45 Düsseldorf 40599",22664143.0
Dimension-Polyant GmbH,Speefeld 7 Kempen 47906,2488462.0
Dog's Nature GmbH,Industriestraße 8 Oer-Erkenschwick 45739,3145259.0
Dortmunder Energie- und Wasserversorgung GmbH,Lüserbachstr. 180 Dortmund 44329,19258091.0
Dr. Hahn GmbH & Co. KG,Tenholter Straße 148 Erkelenz 41812,1814792.0
Dr. Haubitz GmbH & Co.KG,Scheffelstrasse 26 Solingen 42699,1270262.0
Dr. Karl Wetekam & Co. KG,Nürnberger Str. 30-32 Melsungen 34212,860000.0
Dr. Otto Suwelack Nachf. GmbH & Co. KG,Josef Suwelack Str. 1 Billerbeck 48727,131684676.0
Draftex Automotive (Sanok Rubber Group),Bahnstraße 29 Grefrath 47929,775342.0
DuBay Polymer GmbH,Frielinghauser Straße 5 Hamm 59071,5429596.0
Duni GmbH,Robert-Bosch-Straße 4 Bramsche 49565,1276398.0
Duni Logistik GmbH,Atterstraße 72 - 74 Osnabrück 49090,492411.0
Dyckerhoff GmbH,Industriestraße 7 Deuna 37355,268798000.0
Döhler GmbH,Kreitzweg 10 Neuss 41472,3747000.0
Döllken Profiles GmbH,Industriestr. 1 Bönen 59199,428620.0
Dörentrup Feuerfestprodukte GmbH & Co. KG,Lemgoer Str. 9 Dörentrup 32694,168964.0
E.ON Energy Solutions GmbH,Ernst-Schering-Str.  8 Bergkamen 59192,282099060.0
E.ON Real Estate GmbH,Brüsseler Platz 1 Essen 45131,1949000.0
ECOWEST Entsogungsverbund Westfalen GmbH,Westring 10 Ennigerloh 59320,237100.0
EDEKA Einkaufskontor GmbH,Raiffeisenstraße 8  Bornheim-Roisdorf 53332,3719002.0
EEW Pipe Production Erndtebrueck GmbH & Co. KG,Im Grünewald 2 Erndtebrück 57339,5907606.0
EGGER Beschichtungswerk Marienmünster GmbH & Co.KG,Flüttenweg 10 Bevern 37639,40080000.0
EGGER Holzwerkstoffe Brilon GmbH & Co. KG,Im Kissen 19 Brilon 59929,83484000.0
EGN Entsorgungsgesellschaft Niederrhein mbH,Hindenburgstraße 116 Viersen 41749,2148000.0
EKT GmbH & Co. KG,Röntgenstraße 38 Bad Salzuflen 32107,1640096.0
ELEKTRISOLA Dr. Gerd Schildbach GmbH & Co. KG,Zur Steinagger 3 Reichshof-Eckenhagen 51580,1754000.0
ELMOS Semiconductor SE,Heinrich-Hertz-Straße 1 Dortmund 44227,26832522.0
ELW Energieversorgung Leinefelde - Worbis GmbH,Am Stadion 12 Leinefelde-Worbis 37339,4364000.0
EMKA  Aluminium GmbH,Industriestr.21-23 Wuppertal 42327,4138244.0
ENERVIE  - Südwestfalen Energie und Wasser AG,Haßleyer Straße 52 Hagen 58093,183243262.0
ER&GE GmbH,Halberstädter Straße 75 Paderborn 33106,2607108.0
ERVIN Germany GmbH,Auf dem Bruch 11 Sprockhövel 45549,8776000.0
ESK-SIC GmbH,Günter-Wiebke Str. 1 Frechen 50226,1746107.0
ETV EING TEXTIL-VEREDLUNG GmbH & Co. KG,Stadtlohner Straße 71 Gescher 48712,1465884.0
EUROQUARZ GmbH,Bestener Straße 250 Dorsten 46282,5522247.0
EVI Abfallverwertung B.V. & Co. KG,Vosmatenweg 6 Laar 49824,906719779.0
Eckes-Granini Deutschland GmbH,Katharinental Hennef (Sieg) 53773,8790192.0
Ed. Heckewerth Nachf. GmbH & Co. KG,Siemensstraße 13 Hiddenhausen 32120,1208300.0
Edelstahlwerk W. Ossenberg & Cie GmbH,Hütte 4-6 Altena 58762,782250.0
Edgetech Europe GmbH,Gladbacher Strasse 23 Heinsberg 52525,1260347.0
Edmund Münster GmbH & Co.KG,Jülicher Landstraße 101 Neuss 41464,4181280.0
Egetürk GmbH & Co. KG,Feldkasseler Weg 5 Köln 50679,9388000.0
Egger Sägewerk Brilon GmbH,Im Kissen 19 Brilon 59929,21297300.0
Egon Großhaus GmbH & Co. KG,Bonzelerhammer  Lennestadt 57368,492900.0
Eibach Oberflächentechnik GmbH,Golsberger Straße 3 Lüdenscheid 58513,12348140.0
Einbecker Brauhaus AG,Papenstraße 4-7 Einbeck 37574,2115540.0
Eisengiesserei Baumgarte GmbH,Duisburger Straße 35 Bielefeld 33647,2872519.0
Eisengießerei Dinklage GmbH,In der Bahler Heide 5 Dinklage 49413,6734400.0
Eisenwerk Brühl GmbH,Kölnstraße 262-266 Brühl 50321,132057134.0
Elektrowerk Weisweiler GmbH,Dürener Str. 487 Eschweiler 52249,19299847.0
Elis Erkelenz GmbH & Co. KG,Straßburger Allee 8 Erkelenz  41812,2292400.0
Elis Ibbenbüren GmbH,Gildestraße 69 Ibbenbüren 49479,1331000.0
Elis Ost GmbH,Leinegasse 12 Heiligenstadt 37308,817200.0
Elis Textil-Service GmbH,Ferdinand-Porsche-Straße 10 Köln 51143,587100.0
Elis Textilmanagement GmbH,Schleusenstraße 11 Dorsten 46282,1125600.0
Elis West GmbH,Pettenkoferstraße 23 Hagen 58097,6385200.0
Elkem Milling Services GmbH,Oststrasse 16 Wesel 46483,2604201.0
Emka Beschlagteile GmbH & Co. KG,Langenberger Str.32 Velbert 42551,952441.0
Emscher Aufbereitung GmbH,Alsumer Str. 203-213 Duisburg 47166,11936124.7853
Emsland-Stärke GmbH,Werner-Eckart-Ring 13 Cloppenburg 49661,175604399.0
Enaspol GmbH,Kreuzauer Straße 46 Düren 52355,6800000.0
Energiehandel Lünen GmbH,Viktoriastraße 73 Lünen 44532,2929939.0
Energieversorgung Oberhausen AG,Friedrichstr. 37 Oberhausen 46145,19110849.04
Erlebnistherme Bad Hamm GmbH,Jürgen-Graef-Allee 2 Hamm 59065,785739.0
Erlus AG,Hundeshagener Str. 3 Teistungen 37339,8632453.0
Erzquell Brauerei Bielstein Haas & Co. KG,Bielsteiner Straße 108 Wiehl 51674,703049.0
Erzquell Brauerei Siegtal Haas GmbH & Co. KG,Kölner Straße 1-5 Mudersbach 57555,325364.0
Essity Operation Neuss GmbH,Floßhafenstr. 16 Neuss 41460,11971765.0
Essity Operations Witzenhausen GmbH,Kasseler Landstraße 21 Witzenhausen 37213,6398000.0
Euro-Alkohol GmbH,Hans-Böckler-Straße 30 Lüdinghausen 59348,79007120.0
Europipe GmbH,Sandstr. 140 Mülheim an der Ruhr 45473,1259040.0
Evangelisches Klinikum Niederrhein gGmbH,Fahrner Straße 133 Duisburg 47169,5494424.0
Evangelisches Krankenhaus Mettmann GmbH,4 Mettmann 40822,6402480.0
Evangelisches Krankenhaus Wesel GmbH,Schermbecker Landstraße 88 Wesel 46485,1384918.0
Express Küchen GmbH & Co. KG,Am Mühlenbach 1 Melle 49328,245204.0
FEDERAL-MOGUL Burscheid GmbH,Bürgermeister-Schmidt-Straße 17 Burscheid 51399,826300.0
FM-Plast GmbH,Industriestraße 8 Lennestadt 57368,1000000.0
FONDIUM Mettmann GmbH,Flurstraße 15-17 Mettmann 40822,98248198.0
FR. u. H. Lüling GmbH & Co. KG,Kleffstraße 1 Altena 58762,25500000.0
Fahnen-Herold,In der Fleute 81-89 Wuppertal 42389,1612000.0
FamCom Verbrauchermärkte GmbH & Co. KG,Meyers Tannen 2 Bramsche 49565,8740000.0
Farüchoc Schokoladenfabrik GmbH & Co. KG,Carl-Dütting-Straße 1 Osnabrück 49090,2345041.0
Fastenrath Befestigungstechnik GmbH,Lehmweg 1 Plettenberg 58840,208125.0
Federal-Mogul Sealing Systems GmbH,Hermann-Goetze-Str. 8 Herdorf 57562,2813991.0
Feed Valid GmbH,Loddenkamp 10 Hamm 59075,9102730.0
Feinbäckerei Otten GmbH & Co. KG,Gewerbestr. Süd 74 Erkelenz 41812,2917939.0
Feldhaus Produktions GmbH & Co. KG,Nordring 1 Bad Laer  49196,14653954.0
Felix Böttcher GmbH&Co.KG,Stolberger Straß3 351-353 Köln 50933,2011795.0
Felix Schoeller GmbH & Co. KG,Burg Gretesch 1 Osnabrück 49086,131309298.11
Fels-Werke GmbH,Steinberg 201  Katlenburg-Lindau 37191,1807504.0
Fernwärmeversorgung Hamm GmbH,Dessauer-Straße 1 Hamm 59073,5896060.0
Ferro-Duo GmbH,Am Außenhafen 5-7 Duisburg 47059,7500000.0
Ferrum Edelstahlhärterei GmbH,Nord-West-Ring 38 Augustdorf 32832,1062955.0
Firma Gülde GmbH & Co. KG,Westicker Straße 53 Kamen 59174,5152600.0
Fischer & Kaufmann GmbH & Co. KG,Am Steinwerk 7 Finnentrop 57413,1185000.0
Fleischmarkt Olpe GmbH EG-Schlacht- & Zerlegebetrieb,Frierichthaler Straße 8 Olpe 57462,4003580.0
Fleischwaren Blumberg GmbH,Stahlschmidtsbrücke 11 Hückeswagen 42499,254270.0
Fleischwerk Hessengut GmbH,Unter dem Schöneberg 20 Melsungen (Adelshausen) 34212,15111681.0
Fleischzerlegung Westphal GmbH,Dieselstraße 85 Herzebrock- Clarholz 33442,192596.0
Flender GmbH,Alfred-Flender-Straße 77 Bocholt 46395,5291606.0
Flora Food Manufacturing Germany GmbH & Co. OHG,Van-den-Bergh-Straße 35 Kleve 47533,23883000.0
Flughafen Düsseldorf Energie GmbH,Flughafenstra 105 Düsseldorf 47877,3866761.0
Follmann Chemie GmbH,Heinrich-Follmann-Str. 1 Minden 32423,7083861.0
ForFarmers Langförden GmbH,Industriestr. 7 Vechta Langförden 49377,2217000.0
ForFarmers Thesing Mischfutter GmbH&Co.KG,Deichstraße 11 Rees-Haffen 46459,2760000.0
Ford Werke GmbH,Henry Ford Straße 1 Köln  50735,38201440.0
Fr. Jacob Söhne GmbH & Co. KG,Niedernfeldweg 14 Porta Westfalica 32457,2113937.0
Franz Brinkmann GmbH,Oesterweg 16 Ense 59469,2276000.0
Fraunhofer-Gesellschaft zur Förderung der angewandten Forschung e.V.,Finkenstrasse 61 Duisburg 47057,14967372.0
Friedberg Produktionsgesellschaft mbH,Achternbergstrasse 38a Gelsenkichen 45884,4345797.0
Friedr. Lohmann GmbH,Ruhrtal 2 Witten 58456,9035.0
Friedrich Lütvogt GmbH & Co. KG,Hauptstraße 84 Wagenfeld 49419,3434725.0
Friedrichs & Rath GmbH,Papenweg 6 Extertal 32699,735659.0
Frieslandcampina Kievit GmbH,Wiedenbrücker Str. 80 Lippstadt 59555,22351691.0
Fritz Becker GmbH & Co. KG,Am Königsfeld 15 Brakel 33034,855000.0
Fritz Jaspert KG - Waffelfabrik,Richard-Wagner-Straße 24 Hamm 59063,1777523.0
Fritz Schmidt Metallgießerei GmbH & Co. KG,Am Hambuch 20 Meckenheim 53340,3382313.0
Funke Kunststoffe GmbH,Siegenbeckstraße 15 Hamm 59071,2164225.0
Futterallianz Nordwest GmbH & Co.KG,Auf'm Halskamp 12 Garrel 49681,21204000.0
GAMMA Warenhandel GmbH & Co. KG,Vaalser Straße 242-246 Aachen 52074,21802466.0
GASAG Solutions Plus GmbH,Wilhelm-Bötzkes-Straße 1 Düsseldorf 40474,991324.0
GASCADE Gastransport GmbH,"Ellernbrede 5 Bad Salzuflen, OT Lockhausen 32107",287157947.0
GBE - Gocher Bioenergie GmbH,Klever Str. 135 Goch 47574,99301000.0
GEDIA Gebrüder Dingerkus GmbH,Askay 35 Attendorn 57439,6774924.0
GELITA,Friedrich Wilhelm Straße 155 Minden 32423,17117000.0
GFO Gemeinnützige Gesellschaft der Franziskanerinnen zu Olpe mbH,Dr.-Robert-Koch-Straße 18 Bergisch Gladbach 51465,1603404.0
GFO Kliniken Niederrhein,Asberger Str. 4 Moers 47441,121500.0
GIZEH Verpackungen GmbH u. Co. KG,Breiter Weg 40 Bergneustadt 51702,3536374.0
GKN Powder Metallurgy GmbH,Dahlienstrasse 43 Radevormwald 42477,330000.0
GSH Green Steam Hürth GmbH,Bertrams-Jadgweg 12a Hürth 50354,156520000.0
GePro Geflügel-Protein Vertriebs GmbH &Co.KG,Im Moore 1 Diepholz 49356,4259223.0
Geberit Keramik GmbH,Abelstraße 12 Wesel 46483,7842689.0
Geberit Mapress GmbH,Kronprinzstrasse 40 Langenfeld 40764,6545400.0
Gebr. Becker GmbH,Hölker Feld 29-31 Wuppertal 42279,282560.0
Gebr. Brasseler GmbH & Co. KG,Trophagener Weg 25 Lemgo 32657,1660320.0
Gebr. Eigelshoven GmbH & CO KG,Hauptstraße 250a Würselen 52146,5755772.0
Gebr. Steller KG,Eichholz 1 Halver 58553,1229900.0
Gebrüder Aurich GmbH,Schüttendeich 4 Radevormwald 42477,3774315.0
Gefriertrocknung Greven GmbH,Am Eggenkamp 8-10 Greven 48268,1914162.0
General Logistics Systems Germany GmbH & Co. OHG,Am Schornacker 103 Wesel 46485,1225082.0
Georg Utz GmbH,Nordring 67 Schüttorf 48465,14346694.0
Georgsmarienhütte GmbH,Neue Hüttenstraße 1 Georgsmarienhütte 49124,453394010.0
Gerhard van Clewe GmbH & Co.KG,Loikumer Str.10 Hamminkeln - Dingden 46499,2777900.0
Gerresheimer Bünde GmbH,Erich-Martens-Straße 26-32 Bünde 32257,1989000.0
Gerresheimer Essen GmbH,Ruhrau 50 Essen 45279,36300272.0
Givaudan Deutschland GmbH,Giselherstrasse 11 Dortmund 44319,2998919.0
Global Life Sciences Solutions Germany GmbH,Hahnestr. 3 Dassel 37586,1909130.0
Glosemeyer GmbH & Co. KG,Südstraße 39 Osnabrück 49084,3841600.0
Glüh-Tec GmbH,Nieder-Wippekühl 2-4 Schaksmühle 58579,770269.0
Goldbeck,Ummelner Straße 4-6 Bielefeld 33649,1312490.0
Goldschmaus Natur GmbH & Co. KG,Industriestraße 10 Garrel 49681,9355901.0
Gontermann-Peipers GmbH,Marienbornerstraße 49 Siegen 57074,13427063.0
Grace Silica GmbH,Kreuzauer Straße 46 Düren 52355,54418573.0
Green Gas Germany GmbH,Bochumer Straße 267 Castrop-Rauxel 44575,5456500.0
Grimme Landmaschinenfabrik GmbH & Co. KG,Hunteburgerstraße 32 Damme 49401,1.0
Gruppe HEAT Herzberg GmbH,Siemensstraße 6 Herzberg 37412,2167000.0
Gräflicher Park GmbH & Co.& KG,Brunnenallee 1 Bad Driburg 33014,1384704.0
Grünenthal GmbH,Ziegerlerstraße 6 Aachen 52078,6064827.0
Grünewald Papier GmbH & Co. KG,Antoniusstr. 15 Kirchhundem 57399,18500000.0
GussStahl Lienen GmbH & Co.KG,IndustriestraÃe 10 Lienen 49536,1536948.0
Gustav Berning GmbH & Co. KG,Alte Heerstrasse 1 GeorgsmarienhÃ¼tte 49124,1638135.0
Gustav Denzin GmbH,Hardter Straße 400 Viersen 41748,16636752.0
Gustav Grimm Edelstahlwerk GmbH&Co.KG,Ronsdorfer Straße 174 Remscheid 42855,7250464.0
H&R Chemisch Pharmazeutische Spezialitäten GmbH,Neuenkirchener Strasse 8 Salzbergen 48499,145238507.0
H. Hüttenbrauck Profil GmbH,Alfred-Nobel-Straße 16 Unna 59423,1774211.0
H.D. Lenzen Bandverzinkungs GmbH & Co KG,Sedanstr. 41 Hagen 58089,1217379.0
H.O.Persiehl Wanfried GmbH & Co. KG,Vor dem Untertor 1 Wanfried 37281,1123330.0
HARIBO Grafschaft Produktions GmbH,Dr.-Hans-und-Paul-Riegel-Str. 5 Grafschaft 53501,9946534.0
HARTING Stiftung & Co. KG,Wilhelm-Harting-Str. 1 Espelkamp 32339,756000.0
HBT GmbH,"Industriestraße 1, Lünen, Deutschland Lünen 44534",183040.0
HELIOS Albert-Schweitzer-Klinik Northeim GmbH,Albert-Schweitzer-Weg 1 Northeim 37154,1050836.0
HELIOS Klinik Herzberg/ Osterode GmbH,Dr.-Frössel-Allee 1 Herzberg 37412,1359449.0
HELIOS Klinikum Krefeld GmbH,Lutherplatz 40 Krefeld 47805,7713637.0
HELIOS Klinikum Niederberg GmbH,Robert-Koch-Straße 2 Velbert 42549,2368760.0
HELIOS Klinikum Schwelm GmbH,Dr.-Moeller-Straße 15 Schwelm 58332,2488351.0
HELIOS Klinikum Siegburg GmbH,Ringstraße 49 Siegburg 53721,1121119.0
HELIOS Klinikum Warburg GmbH,Hüffertstr. 50 Warburg 34414,979200.0
HELIOS Klinikum Wuppertal GmbH,Heusnerstraße 40 Wuppertal 42283,5583160.0
HELLA GmbH & Co. KGaA,Rixbecker Straße 75 Lippstadt 59552,23773233.0
HERFORDER BRAUEREI GmbH,Gebr.-Uekermann-Straße 1 Hiddenhausen 32120,3517285.0
HEWI Heinrich Wilke GmbH,Hagenstr. 2 Bad Arolsen 34454,2306851.0
HFC GmbH,Graf-Zeppelin-Straße 16-20 Bad Wünnenberg-Haaren 33181,26636100.0
HOPPECKE Batterie Systeme GmbH,An der Bremecke 4 Brilon 59929,1245183.0
HOPPECKE Industriebatterien GmbH & Co. KG,Bontkirchener Straße 1 Brilon 59929,11224150.0
HQM Härtetechnik GmbH,Otto-Hahn-Str. 55 Leipzig 42369,2165460.0
HUGO VOGELSANG GmbH & Co. KG,Alemannenweg 32 Hagen 58119,4120800.0
Hagemeister GmbH & Co. KG,Buxtrup 3 Nottuln 48301,31926710.0
Hagener Feinstahl GmbH,Herdecker Str. 4-10 Hagen 58089,18794920.0
Hahnemühle FineArt GmbH,Hahnestr. 5 Dassel 37586,2063973.0
Hamburger Rieger Gelsenkirchen GmbH & Co. KG,Alfred-Zingler-Straße 15 Gelsenkirchen 45881,2836000.0
Hammerwerk Erft G. Diederichs GmbH & Co. KG,Ernst-Diederichs-Str. 1 Bad Münstereifel 53902,43713000.0
Harburg-Freudenberger Maschinenbau GmbH,Asdorfer Straße 60 Freudenberg 57258,1519683.1
Haribo Produktions GmbH & Co. KG,Hans-Riegel-Straße 1 Bonn 53129,15271004.4698
Harry-Brot GmbH,Harkortstr.60  Ratingen 40880,35880252.0
Hartmann Kunststofftechnik GmbH & Co.KG,Eimterstrasse 204 Herford 32049,1.0
Harz Guss Zorge GmbH,Walkenrieder Straße 32 Walkenried 37445,4205030.0
Haus Rabenhorst O. Lauffs GmbH & Co. KG,Rabenhorststraße 1 Unkel 53572,2500000.0
Heidelberg Materials AG,Zur Anneliese 9 Ennigerloh 59320,273482250.0
Heidemark Mästerkreis GmbH & Co. KG,Vahrener Weg 1 Molbergen 49696,4564923.6
Heimbach GmbH,An Gut Nazareth 73 Düren 52353,1102000.0
Heinrich Manten Qualitätsfleisch vom Niederrhein GmbH & Co. KG,Möhlendyck 11 Geldern 47608,6816284.0
Heinz Tummel GmbH & Co. KG,Eggeroder Straße 8 Schöppingen 48624,15236983.0
Helios Klinik Lengerich GmbH,Martin-Luther-Str. 49 Lengerich 49525,917015.0
Helios Klinik Wipperfürth GmbH,Alte Kölner Straße 9 Wipperfürth 51688,844759.0
Helios Kliniken Kassel Gemeinnützige GmbH,Hansteinstraße 29 Kassel 34121,1752113.0
Helios Klinikum Duisburg GmbH,Dieselstraße 185 Duisburg 47166,2413152.0
Helios Klinikum Siegburg GmbH - Helios Klinikum Bonn/Rhein-Sieg,Von-Hompesch-Straße 1 Bonn 53123,2547116.0
Helios Rhein-Ruhr Kliniken GmbH,Albertus-Magnus-Straße 33 Duisburg 47259,2599168.0
Helios St. Elisabeth Klinik Oberhausen GmbH,Josefstr. 3 Oberhausen 46045,936720.0
Hengst SE,Nienkamp 55-85 Münster 48147,9260700.0
Hermann Kuhler GmbH & Co. KG,Amboßweg 1 Remscheid 42855,2934.0
Herport Innenausbauelemente GmbH & Co. KG,Eichenallee 71-77 Ahaus 48683,2973036.0
Herpro Holzveredelung GmbH & Co. KG,Rottweg 75 Ahaus 48683,499908.0
Herta GmbH,Westerholter Strasse 750 - 770 Herten 45701,4058217.0
Herz und Diabeteszentrum NRW,Georgstraße 11 Bad Oeynhausen 32545,5229500.0
Herz-Jesu-Krankenhaus Hiltrup GmbH,Westfalenstrasse 109 Münster-Hiltrup 48165,1056492.0
Hess. Schmelztiegel- u. Schamottsteinfabrik,Dieter-Liphardt-Str. 9-11 Großalmerode 37247,1432808.0
Hille & Müller GmbH,Am Trippelsberg 48 Düsseldorf 40589,2416808.0
Hitachi Energy Germany AG,Lohfelder straße 19-21 Bad Honnef 53604,14280000.0
Hochwald Foods GmbH,Ziegelfeld 16 Mechernich 53894,15284600.0
Hol-tex GmbH,Holter Straße 200 Schloß Holte-Stukembrock 33758,3835000.0
Hollager Ziegelwerk Berentelg & Hebrok GmbH & Co. KG,Hollager Straße 106 Wallenhorst-Hollage 49134,25000000.0
HolzEnergieWerk Melsungen GmbH & Co. KG,Am Haidelspfad 4 Melsungen 34212,111000000.0
Holzheizkraftwerk Melsungen GmbH & Co. KG,Am Haidelspfad 2 Melsungen 34212,70300000.0
Huntsman (Germany) GmbH,Hafenringstrasse 1 Osnabrück 49090,1654646.0
Huntsman Products GmbH,Römerstraße 733 Moers 47443,30000000.0
Huster Oberflächentechnik GmbH,Gründelbusch 27a Hagen 58099,3390000.0
Hydro Aluminium High Purity GmbH,Aluminiumstraße 2 Grevenbroich 41515,1279843.0
Hydro Extrusion Lüdenscheid GmbH,Talstraße 105 Lüdenscheid 58515,33709829.0
Häcker Küchen GmbH&Co.KG,Venner Esch 3 Ostercappeln 49179,1697754.0
Härterei Carl Gommann GmbH,Dreiangelstraße 29 Remscheid 42855,7339000.0
Härterei Reese Bochum,Oberscheidstraße 25 Bochum 44807,7536048.0
Härtetechnik Niederberg GmbH&Co.KG,Neustraße 91-97 Velbert 42553,1306000.0
Härtetechnik Steinbach GmbH & Co. KG,Erich-Hoepner-Ring 10 Wuppertal 42369,2683020.0
Hörmann KG Brockhagen,Horststraße 17 Steinhagen 33803,329600.0
Hüttenwerke Krupp Mannesmann GmbH,Ehinger Str. 200 Duisburg 47259,7160668232.0
IBENA Textilwerke GmbH,Donaustr. 4 Bocholt 46395,2302998.0
IKEA Distribution Services GmbH & Co. KG,Ellinghauser Str. 213 Dortmund 44359,131540.0
IMR Innovative Metal Recycling GmbH,Bataverstraße 27 Krefeld 47809,690595.0
INEOS Manufacturing Deutschland GmbH,Alte Strasse 201 Köln 50769,9380000000.0
INEOS Solvents Germany GmbH,Shamrockstr. 88 Herne 44623,940500000.0
INEOS Styrolution Köln GmbH,Alte Straße 201 Köln 50769,2247000.0
INOVYN Deutschland GmbH,Ludwigstrasse 12 Rheinberg 47495,154551902.0
INTOCAST AG,Zum Eisenhammer 23 Oberhausen 46049,11932000.0
ISO-Tech Kunststoff GmbH,Rottweg 22 Ahaus 48683,1658253.899
ISOVOLTA Kassel GmbH,Otto-Hahn-Str. 5 Kassel 34123,6810011.0
ISRINGHAUSEN GmbH & Co. KG,ISRINGHAUSEN-Ring 58 Lemgo 32657,728375.0
Innovatec microfibre technologie GmbH,Gierlichstrasse 10 Troisdorf 53840,3520921.0
International Metal Service Nord GmbH,Eupener-Str. 70 Düsseldorf 40549,1171891.0
Internorm Kunststofftechnik GmbH,Robert-Bosch str.5 Damme 49401,51660.0
Intersnack Deutschland SE,Industriestraße 2 Olsberg 59939,26083184.0
Interzero Plastics Sorting GmbH,Paul-Baumann-Str. 1 Marl 45772,3659410.0
Iqony Energies GmbH,Walpurgisstrasse 1 Essen 45131,36973243.0
Irle Rolls GmbH,Hüttenweg 5 Netphen 57250,20370787.0
Isola GmbH,Isolastraße 2 Düren 52353,5140000.0
Isselguß GmbH Gießereierzeugnisse,Minvervastraße 1 Isselburg 46419,27286992.0
J. D. von Hagen AG,Zollhausstr. 42-45 Iserlohn 58640,1943577.0
J. vom Cleff A. Sohn GmbH & Co. KG,Kemmannstr. 90 Wuppertal 42349,1067068.0
J.D. Geck GmbH,Rahmedestraße 399 Altena 58762,63108.0
Jacob Stauder GmbH CoKG,Stauderstr. 88 Essen 45326,2560740.0
Jagotech Paper GmbH,Hoffnungstal  3 Almersbach 57610,8136743.0
Jean Schaap GmbH,Averbeck 51 Heek 48619,21590290.0
Jet Schaumstoff-Formteile GmbH,Weidehorst 28 Hüllhorst 32609,7963222.0
Joh. Sieben GmbH,Am Weidenhof 3 Heinsberg 52525,1523353.0
Johnson Matthey Chemicals GmbH,Wardstraße 17 Emmerich am Rhein 46446,10190000.0
Jokey Gummersbach SE,Gutenbergstraße 9 Gummersbach 51645,2058664.0
Jokey SE,Fähnrichstüttem 15 Wipperfürth 51688,1644699.0
Josef Schmelter GmbH,Auf der Endert 1 Lennestadt 57368,768320.0
Julius Schulte Söhne GmbH & Co. KG,Fruchtstrasse 28 Düsseldorf 40223,104517477.21000001
Jung Papier GmbH,Kappeler Str. 51 Düsseldorf 40597,13913821.0
Jungfer Druck und Verlag GmbH,Gutenbergstrasse 3 Herzberg 37412,14302428.0
Junkers & Müllers GmbH,Bolksbuscher Str. 27 Mönchengladbach 41239,5923263.0
Jäckering Grund- und Rohstoffverarbeitung GmbH & Co. KG,Hafenstraße 21 Hamm 59067,3397265.0
Jäkel GmbH & Co. KG,Hellenberg 20 Diemelstadt 34474,2011000.0
K+S Minerals and Agriculture GmbH,Karlstr. 80 Rheinberg 47495,13311720.0
K. & H. Fischer GmbH,Raiffeisenstr. 8 Radevormwald 42477,9153143.0
KAMAX GmbH & Co. KG,Petershütter Allee 29 Osterode am Harz 37520,16358673.0
KANZAN Spezialpapiere GmbH,Nippesstr. 5 Düren 52349,208259505.0
KASSELWASSER,Gartenstraße 90 Kassel 34125,4566000.0
KAVG Kreisabfallverwertungsgesellschaft mbH Mi-Lübbecke,Flurweg 15 Porta Westfalica 32457,7193740.0
KDW Klinkerdachziegelwerk GmbH & Co. KG,Ziegeleiweg 1b Natrup-Hagen 49170,27950000.0
KEM | Evang. Kliniken Essen-Mitte gGmbH,Henricistr. 92 Essen 45136,9402740.0
KKT Frölich Kautschuk-Kunststoff-Technik GmbH,Friedrich Ebert Str. 208 Osterode am Harz 37520,62500.0
KKT Kaller-Kunstofftechnik Gmbh,Siemensring 32 Kall 53925,2235500.0
KLINIKUM Westfalen GmbH,Am Knappschaftskrankenhaus 1 Dortmund 44309,1302229.0
KME Germany GmbH,Klosterstraße 29 Osnabrück 49074,75838878.0
KNIPEX Werk C. Gustav Putsch KG,Oberkamper Str. 13 Wuppertal 42349,9544790.0
KRONOS TITAN GmbH,Peschstr. 5 Leverkusen 51373,282426000.0
KRONOSPAN GmbH,Leopoldstaler Straße 195 Steinheim 32839,85062949.0
KS Baustoffwerke Blatzheim GmbH & Co. KG,Kieswerk 5  Kerpen 50171,1103000.0
KSPE Kalksandstein-Planelemente GmbH & Co. KG,Zum Vogelsberg 12 Haltern am See 45721,823320.0
Kabel Premium Pulp & Paper GmbH,Schwerter Straße 263 Hagen 58099,327938000.0
Kaiser GmbH Oberflächentechnik,Jägersgrund 12 Erndtebrück 57339,1696872.0
Kalkwerke H. Oetelshofen GmbH & Co. KG,Hahnenfurth 5 Wuppertal 42327,16398980.0
Kalkwerke Otto Breckweg GmbH & Co. KG,Neuenkirchener Straße 400 Rheine 48432,37213234.0
Kandelium Barium Strontium GmbH & Co. KG,Brunnenstr. 901 Bad Breisig 53498,83846265.0
Kandelium Care GmbH,Am Güterbahnhof Bad Hönningen 53557,46601084.0
Kandelium GmbH,Am Güterbahnhof Bad Hönningen 53557,14382711.0
Kao Chemicals GmbH,Kupferstr. 1 Emmerich am Rhein 46446,54148500.0
Karl Hess GmbH & Co.KG,Benzstraße 13 Neunkirchen 57290,1138000.0
Karl-Heinz Hesse GmbH Wäscherei Reinigung,Imbser Weg 5 Dransfeld 37127,948000.0
Kartoffelmanufaktur Pahmeyer GmbH & Co. KG,Rotenhagener Str. 47 Werther 33824,5451815.0
Kaschke Components GmbH,Rudolf-Winkel-Straße 6 Göttingen 37079,2318000.0
Katholische Hospitalgesellschaft Südwestfalen gGmbH Olpe,Hospitalweg 6 Olpe 57462,1104696.0
Kaufland Vertrieb 17  GmbH & Co. KG,Oppelner Straße 128 Bonn 53119,5875912.0
Kaufland Vertrieb 242 GmbH & Co. KG,Breslauer Straße 35 Aachen 52068,12591214.0
Kaufland Vertrieb 290 GmbH & Co. KG,Gustav-Heinemann-Straße 2 Erftstadt 50374,5772194.0
Kaufland Vertrieb 35 GmbH & Co. KG,Planckstraße 1 Lippstadt 59557,1800396.0
Kaufland Vertrieb 40  GmbH & Co. KG,Herzberger Landstraße 8 Osterode 37520,2958448.0
Kaufland Vertrieb 54  GmbH & Co. KG,Stixchesstraße 123 Leverkusen-Manfort 51377,2595239.0
Kaufland Vertrieb 64  GmbH & Co. KG,Am Kauf Park 2 Göttingen-Grone 37079,3026781.0
Kaufland Vertrieb 7 GmbH & Co. KG,Mevissenstraße 60 Krefeld 47803,2362165.0
Kaufland Vertrieb 70  GmbH & Co. KG,Kurze-Geismar-Straße 30 Göttingen 37073,3096136.0
Kaufland Vertrieb 76  GmbH & Co. KG,Bahnhofstraße 80-84 Oberhausen-Sterkrade 46145,1169245.0
Kaufland Vertrieb 78  GmbH & Co. KG,Rheindorfer Straße 48-56 Langenfeld 40764,5796978.0
Kaufland Vertrieb ALPHA  GmbH & Co. KG,Franzgraben 40-42 Kassel-Wesertor 34125,4746903.0
Kaufland Vertrieb EPSILON  GmbH & Co. KG,Westring 10 Arnsberg-Bruchhausen 59759,10801419.0
Kaufland Vertrieb GAMMA  GmbH & Co. KG,Welfenstraße 21 Bocholt 46395,4075665.0
Kaufland Vertrieb KAPPA  GmbH & Co. KG,Dieringhauser Straße 16 Gummersbach 51645,11985671.0
Kaufland Vertrieb KDSB  GmbH & Co. KG,Friedrichstraße 152 Düsseldorf-Friedrichstadt 40217,2628230.0
Kaufland Vertrieb KDSG  GmbH & Co. KG,Alter Markt 1 Bochum-Wattenscheid 44866,17497231.0
Kaufland Vertrieb KDSH  GmbH & Co. KG,Elliehäuser Weg 23 Göttingen-Weststadt 37079,4914399.0
Kaufland Vertrieb KDSL  GmbH & Co. KG,Bahnhofstraße 37 Alsdorf 52477,22932730.0
Kaufland Vertrieb KDST  GmbH & Co. KG,Refrather Weg 1 Bergisch Gladbach 51465,12418766.0
Kaufland Vertrieb THETA GmbH & Co. KG,Grüttweg 42-46 Rees 46459,1894147.0
Kaufland Vertrieb ZETA  GmbH & Co. KG,"Ottostraße 40-43 Bochum-Wattenscheid, 44867",18727763.0
Kautex Textron GmbH & Co. KG,Alter Heerweg 2A Bonn 53123,1567967.0
Kay Brenner,Industriestraße 1 Ringe 49824,200000.0
Kennametal Produktions GmbH,Münchenerstraße 125-127 Essen 45145,9855800.0
KeraTür GmbH & Co.KG,Vennekenweg 12 Raesfeld 46348,4271705.0
Kesseboehmer Warenpräsentation GmbH & Co. KG,Bruchheide 18 Bohmte 49163,6895826.0
Kesseböhmer Beschlagsysteme GmbH & Co. KG,Mindener Straße 208 Bad Essen 49152,4545205.0
"Kind & Co., Edelstahlwerk, GmbH & Co. KG",Bielsteiner Str. 122 - 130 Wiehl - Bielstein 51674,39904333.0
Kindel GmbH u. Co. KG,Wittener Str. 238 Wuppertal 42279,3554928.0
Klaus Kuhn Edelstahlgießerei GmbH,Otto-Hahn-Straße 12-14 Radevormwald 42477,7045345.0
Klingele Paper & Packaging SE & Co. KG,Brede 1 Werne 59368,2323196.0
Klingelnberg GmbH,Peterstraße 45 Hückeswagen 42499,8533642.0
Kliniken der Stadt Köln gGmbH,Neufelder Straße 34 Köln 51067,6643115.0
Klinikum Dortmund gGmbH,Beurhausstr. 40 Dortmund 44137,12350000.0
Klinikum Vest GmbH,Dorstener Strasse 151 Recklinghausen 45657,1608315.0
Klinker- und Keramikwerke A. Berentelg & Co. KG,Dornierstraße 11 Hörstel 48477,53350000.0
Klinkerwerke H. W. Muhr GmbH & Co. KG,Fackeldeystraße 80 - 100 Emmerich am Rhein 46446,5279506.0
Knauf Interfer Cold Rolling,Im Ostfeld 1 Iserlohn 58642,1727246.0
Knipping Kunststofftechnik King Plastic GmbH,Hammerwiese 3 Gummersbach 51647,1856968.0
Knodt GmbH,Am Hälshof 31-33 Sonsbeck 47665,19766000.0
Kodak Graphic Communications GmbH,An der Bahn 80 Osterode 37520,440095.0
Konecranes GmbH,Forststr. 16 Düsseldorf 40597,1562660.0
Kraft- Schlötels GmbH,Industriestraße 3 Wassenberg 41849,6454489.0
Kraftwerk Neuss GmbH,Düsseldorfer Straße 182 Neuss 41460,74910000.0
Krankenhaus Düren gGmbH,Roonstr. 30  Düren 52351,1426720.0
Krankenhaus St. Barbara Attendorn GmbH,Hohler Weg 9 Attendorn 57439,1304934.0
Kreiskkliniken Gummersbach-Waldbröl GmbH,Dr.-Goldbogen-Str. 10 Waldbröl 51545,9073594.0
Kreissparkasse Düsseldorf,Am Rathaus 1-3 Mettmann 40822,134665.0
Krombacher Brauerei Bernhardt Schadeberg GmbH & Co. KG,Hagener Straße 261 Kreuztal 57223,147623152.0
Kröner-Stärke GmbH,Im Bocketal 21-29 Tecklenburg 49545,23402000.0
Kuchenmeister GmbH,Coesterweg 31 Soest 59494,1000000.0
Kunststofftechnik Backhaus,Waldheim Strasse 8 Kierspe 58566,1460684.0
Kuraray Europe GmbH,Mühlheimer Straße 26 Troisdorf 53840,7867900.0
KÖHLER KALK GmbH,Hinter den Höfen 2 Meißner 37290,7721844.0
LAC Beteiligungs GmbH,Im Sande 3 Ladbergen 49549,1383817.0
LANXESS Deutschland GmbH,Chempark 0 Dormagen 41538,1020950600.0
LANXESS Organometallics GmbH,Ernst-Schering-Str. 14 Bergkamen 59192,353168.0
LINSS Malsfeld GmbH,Brauereistraße 2 Malsfeld 34323,667598.0
LISI AUTOMOTIVE Knipping Verbindungstechnik GmbH,In der Helle 7 Kierspe 58566,2628666.0
Lacroix+Kress GmbH,Engterstraße 34 Bramsche 49565,24037606.0
Landbäckerei Sommer GmbH,Reister Berg 2a Eslohe 59889,985000.0
Laufenberg GmbH,Krüserstraße 2 Krefeld 47839,6266609.0
Leiber GmbH,Hafenstraße 24 Bramsche 49566,41545893.5276
Leybold GmbH,Bonner Str. 498 Köln 50968,17412000.0
Lichtgitter Gesellschaft mit beschränkter Haftung,Siemensstraße 1 Stadtlohn 48703,1773898.0
Lidl GmbH & Co. KG,Weetfelder Str. 38 Bönen 59199,39889374.29
Lieken Brot- und Backwaren GmbH,Weidkamp 230 Essen 45356,11542296.0
Linde Gas Produktionsgesellschaft mbH & Co. KG,Friedrich der Große 6 Herne 44628,99602566.0
"Linde GmbH, Geschäftsbereich Linde Gas",Hackenbroicher Straße 199 Köln 50769,1840200.0
Lindemann & Störmer GmbH & Co.KG,Borkshagenstraße 4-6 Arnsberg 59757,2209000.0
Lippische Eisenindustrie GmbH,Alter WEg 57 Detmold 32760,5003754.0
Ludwig Weinrich GmbH & Co. KG,Zimmerstr. 1 Herford 32051,2000000.0
Lynxeo Deutschland GmbH,"Bonnenbroicher Straße 2-14, Mönchengladbach 41238",7616600.0
Lülsdorf Functional Solutions GmbH,Feldmühlestraße 3 Niederkassel 53859,12157254.0
M + C Schiffer GmbH,Industriestraße 4 Neustadt 53577,1044510.0
M A W Mitteldeutsche Asphaltwerke GmbH & Co. KG,Stormarnstraße 30 Frielendorf 34621,524367.0
M. Busch GmbH & Co. KG,Wehrstapeler Str. 12 Meschede-Wehrstapel 59872,59667000.0
MAT Commercial Vehicle Products GmbH,Klosterstrasse 16 Marienheide 51709,881280.0
MEP Münsterland Energy Production GmbH,Am Kanal 45 Ladbergen 49549,8058870.0
METRO LOGISTICS Germany GmbH,Hafenstraße 119 Hamm 59067,8000000.0
MEWA Textil-Service SE & Co. Deutschland OHG,Hermann-Gebauer-Platz Bottrop 46238,10528000.0
MHB Hamm Betriebsführungs gesellschaft mbH,Am Lausbach 2 Hamm 59075,55120000.0
MHKW Leverkusen AVEA Entsorgungsbetriebe GmbH & Co. KG,Im Eisholz 12 Leverkusen 51373,65090000.0
MM Neuss GmbH,Düsseldorferstrasse 182-184 Neuss 41460,319779328.0
MVA Bielefeld-Herford GmbH,Schelpmilser Weg 30 Bielefeld 33609,377289225.0
MVA Müllverwertungsanlage Bonn GmbH,Immenburgstr. 22 Bonn 53121,32663400.0
MVA Weisweiler GmbH & Co. KG,Am Hagelkreuz 22 Eschweiler 52249,97426604.0
MVV Enamic Korbach GmbH,Limmerstraße 2 Korbach 34497,136873000.0
Madaus GmbH,Lütticher Str. 5 Troisdorf 53842,6624963.0
Magna Casting Soest GmbH,Overweg 24 Soest 59494,55080767.0
Mannstaedt GmbH,Mendener Str. 51 Troisdorf 53840,7229827.0
Marco Deckers KG,Milchweg 69 Geldern 47608,1708435.0
Marienhospital Bottrop gGmbH,Josef-Albers-Straße 70 Bottrop 46236,1205182.0
Marienhospital Osnabrük,Bischhofstraße 1 Osnabrück 49074,4491885.0
Martinrea Bergneustadt GmbH,Othestrasse 19 Bergneustadt 51702,8913478.0
Martinrea Honsel Germany GmbH,Fritz Honsel Straße 30 Meschede 59872,23700898.0
Martinswerk GmbH,Koelner Straße 110 Bergheim 50127,313418548.4166
Maxion Wheels Werke GmbH,Ladestraße 1 Königswinter 53639,16681740.0
Mayr-Melnhof Holz Olsberg GmbH,Industriestraße 1 Olsberg 59939,1930000.0
McAirlaid's Vliesstoffe GmbH,Zum Eichberg 2 Berlingerode 37339,1450000.0
Mega Tierernährung,Boschstr. 11 Cloppenburg 49661,2577718.0
Mehler Engineered Products GmbH,Leipziger Straße 100-103 Hessisch Lichtenau 37235,12717471.0
Mehler Texnologies GmbH,Rheinstraße  11 Hückelhoven 41836,7872394.0
Melitta Group Management GmbH & Co. KG,Ringstraße 99 Minden 32427,27814178.0
Melos GmbH,Bismarckstr. 04. Okt Melle 49324,16218205.3882
Mera Tiernahrung GmbH,Industriestraße 16 Kevelaer 47623,18880000.0
Mercedes-Benz AG,Rather Straße 51 Düsseldorf 40476,89092903.0
Messe Düsseldorf GmbH,Stockumer Kirchstraße 61 Düsseldorf 40474,1644516.0
Messingwerk Plettenberg Herfeld GmbH & Co. KG,Reichsstraße 80 Plettenberg 58840,4640000.0
Mestemacher GmbH,Am Anger 16 Gütersloh 33332,5134387.0
Metallhütte Hoppecke GmbH & Co. KG,Bontkirchener Straße 1 Brilon 59929,6367507.0
Metsä Greaseproof Papers GmbH,Veldenerstrasse 121 -131 Düren 52349,39831000.0
Miele & Cie. KG,Mielestraße 2 Bielefeld 33611,23418295.0
Minegas GmbH,Buddestraße 0 Recklinghausen 45659,339393498.0
Mingas-Power GmbH,Carl-Duisberg-Straße 0 Marl 45772,184151156.0
Mitsubishi Chemical Advanced Materials Composites GmbH,Hansaring 2-4 Lotte 49504,250000.0
ModelGmbH,Stockholmer Str. 40 Bad Bentheim 48455,13993562.0
Moers Frischeprodukte GmbH & Co. KG,Dr.-Berns-Str. 23 Moers 47441,45601255.0
Mohn Media Mohndruck GmbH,Carl Bertelmann Str. 161 Gütersloh 33311,177617666.0
Molkerei Söbbeke GmbH,Amelandsbrückenweg 131 Gronau 48599,4824217.0
Monowell GmbH & Co. KG,Grothusstraße 90A Gelsenkirchen 45883,2398967.0
Morgan Molten Metal Systems GmbH,Noltinastr. 29 Berkatal 37297,8796520.0
Muhr & Söhne GmbH & Co. KG,Kölner Straße 75 Attendorn 57439,21707395.0
Murdotec Kunststoffe GmbH & Co. KG,Heßlingsweg 8 Dortmund 44309,13479093.0
MÜLHEIM-PIPECOATINGS GmbH,Sandstrasse 140 Mülheim a.d. Ruhr 45473,1864963.0
MöllerTech GmbH,Kupferhammer Bielefeld 33649,1534000.0
Mühlenkreiskliniken AöR,Hans-Nolte-Straße 1 Minden 32429,8740000.0
Müller & Schröder Nachf. GmbH & Co.KG,Auf der Bleiche 24 Wetter-Wengern 58300,2607000.0
Müller u. Baum GmbH & Co. KG,Birkenweg 52 Sundern 59846,1829100.0
Müller-Technik GmbH,Portlandstraße 4 Steinfeld 49459,684700.0
Müllheizkraftwerk Kassel GmbH,Am Lossewerk 8 Kassel 34123,25038633.0
NBK Keramik GmbH,Reeser Str. 235 Emmerich am Rhein 46446,12768447.0
NEW Natur Energie Warburg GmbH & Co. KG,Northeimer Str. 51 Warburg 34414,6961600.0
NEW Tönisvorst GmbH,Schelthofer Straße 80 Tönisvorst 47918,1073000.0
NEWALU GmbH,Lindenweg 5 Delbrück 33129,161400.0
NRW Pellets GmbH,Am Gäuseberg 1 Erndtebrück 57339,39171230.0
Natumi GmbH,Gierlichsstraße 17 Troisdorf 53840,3042658.0
Natural Energy West GmbH,Paul-Baumannstr. 1 Marl 45772,71310.0
Nedschroef Altena GmbH,Westiger Straße 62 Altena 58762,6636923.0
Neptune Energy Deutschland GmbH,Bathorner Diek 999 Hoogstede 49846,24681936.0
Nestlé Deutschland AG,Julius-Maggi Str. 8 Lüdinghausen 59348,2332118.0
Nestlé Purina PetCare Deutschland GmbH,Albert-Latz-Str. 6 Euskirchen 53879,3132688.0
Niedax GmbH & Co. KG,Industriestr. 44 St. Katharinen 53562,1261947.0
Niederrhein-Gold Tersteegen GmbH & Co. KG,Am Holtmannshof 1 Moers 47447,20863020.0
Niels-Stensen-Kliniken,Alte Rothenfelder Str. 23 Georgsmarienhütte 49124,13073614.0
Noelle + von Campe GmbH & Co. KG,Über den Gleisen 2 Boffzen 37691,11788136.0
Norbert Kordes Kabel und Leitungen GmbH u. Co KG,Brückenstraße 2 Katlenburg-Lindau 37191,4496284.0
Nova Textil-Beschichtung GmbH,An der Plüschweberei 50 Grefrath 47929,2554200.0
Novelis Deutschland GmbH,Am Eisenwerk 30 Plettenberg 58840,19285316.99938
Novelis Deutschland GmbH Werk Göttingen,Hannoversche Str. 1 Göttingen 37075,19097156.0
Novoferm GmbH,Feineisenstraße 5  Dortmund 44339,514408.0
Nähr-Engel GmbH,Klever Straße 48 Goch 47574,7855131.0
OBO Bettermann Produktion Deutschland GmbH & Co. KG,Fischkuhle 44 Menden 58710,5608783.0
OI Germany GmbH & Co. KG,Alter Postweg 3 Holzmnden 37603,46557020.0
OKE Automotive GmbH & Co. KG,Nobelstraße 7 Hörstel 48477,3340000.0
OSI Food Solutions Germany GmbH,Hochstraße 175 Duisburg 47228,8956890.0
OTTO FUCHS Dülken GmbH & Co. KG,Heiligenstr. 70 Viersen 41751,1205000.0
OTTO FUCHS Kommanditgesellschaft,Derschlager Straße 26 Meinerzhagen 58540,81548113.0
OTTO FUCHS Surface Technology GmbH & Co.KG,Gewerbepark Grünewald 10 Meinerzhagen 58540,4191348.0
Oeseder Möbelindustrie M. Wiemann GmbH & Co. KG,Glückaufstraße 20 Georgsmarienhütte 49124,885000.0
Oettinger Brauerei GmbH,Senefelderstraße 29 Mönchengladbach 41066,8159931.0
Ohm und Häner Metallwerk GmbH & CO KG,Im Grüntal 1 Olpe 57462,5622864.0
Oleon GmbH,Industriestraße 10 Emmerich am Rhein 46446,25702463.0
Olfry Ziegelwerke GmbH & Co. KG,Friesenstraße 9 - 11 Vechta 49377,6388739.0
Olsberg GmbH,Hüttenstraße 38 Olsberg 59939,6887164.0
Orion Engineered Carbons GmbH,Harry-Kloepfer-Straße 1 Köln 50997,245843579.0
Ornua Deutschland GmbH,Kerrygoldstrasse 1 Neukirchen-Vluyn 47506,2523430.0
Otec Oberflächentechnik GmbH,Hüttenstraße 31 Düren 52355,820000.0
Otto Junker CM GmbH,Jägerhausstraße 22 Simmerath 52152,332.0
Ottobock SE & Co. KGaA,Max-Näder-Str. 15 Duderstadt 37115,1146865.0
Oventrop GmbH& Co.KG,Hinterm Gallberg 5 Brilon 59929,2306576.0
Ovobest Eiprodukte GmbH&Co.KG,Hörster Wall 1 Neuenkirchen-Vörden 49434,4724539.0
P.W. Lenzen GmbH & Co. KG,Stenglingser Weg 63 Iserlohn 58642,1668769.459
POLIFILM PROTECTION MANUFACTURING GmbH & Co. KG,Alte Papiermühle Hämmern 10 Wipperfürth 51668,5388883.0
PTW Polyurethan-Technik Wagenfeld GmbH,Hasslinger Weg 31 Wagenfeld 49419,3731426.0
Packwell GmbH,Industriestraße 7 Monheim am Rhein 40789,3164453.0
Paderborner Brauerei Haus Cramer GmbH,Halberstädter Straße 45 Paderborn 33106,8935260.0
Papierfabrik Niederauer Mühle GmbH,Windener Weg 1 Kreuzau 52372,634363928.0
Penn Textile Solutions GmbH,An der Talle 20 Paderborn 33102,1426000.0
Peter Greven GmbH & Co. KG,Peter-Greven-Str. 20-30 Bad Münstereifel 53902,10474270.0
Pfeifer & Langen GmbH & Co. KG,Reeser Str. 280-300 Kalkar 47546,233389931.0
Pfleiderer Arnsberg GmbH,Westring 19 - 21 Arnsberg 59759,15841141.0
Pfleiderer Gütersloh GmbH,Stadtring Nordhorn 61 Gütersloh 33332,103524057.0
Pflitsch GmbH & Co. KG,Ernst-Pflitsch-Str. 1 Hückeswagen 42499,712918.0
Phoenix Contact GmbH & Co. KG,Flachsmarktstraße 8 Blomberg 32825,10958577.0
Phoenix Contact Power Supplies GmbH,Oberes Feld 1 Paderborn 33106,561132.0
Phoenix Feinbau GmbH & Co. KG,Gustavstraße 3 Lüdenscheid 58511,532524.0
Phoenix Testlab GmbH,Königswinkel 10 Blomberg 32825,277152.0
Phoenix Zementwerke Krogbeumker GmbH & Co.KG,Stromberger Straße 201 Beckum 59269,71344628.0
Pieper Holz GmbH,Im Westfeld 2 Olsberg 59939,4329707.0
Pierburg GmbH,Industriestraße 43 Neuss 41460,34395375.0
Pilkington Deutschland AG,Haydnstraße 19 Gelsenkirchen 45884,112585163.0
Pleissner Guss GmbH,Duderstädter Straße 17 Herzberg 37412,1021200.0
Plukon Visbek GmbH,Ahlhorner Straße 98a Visbek 49429,4675960.0
Polytex Sportbeläge Produktions GmbH,Vinkrather Str. 43 Grefrath 47929,3856267.0
Portlandzementwerk Wittekind Hugo Miebach Söhne KG,Hüchtchenweg 1 Erwitte 59597,40415831.0
Potts Brauerei GmbH,In der Geist 120 Oelde 59302,1093686.0
Power-Cast Ortmann GmbH & Co. KG,Industriestraße 68 Velbert 42551,2293682.0
PreZero Recycling Deutschland GmbH & Co. KG,Auf der Plaße 1 Petershagen 32469,1935745.0
Prima Menü Produktions GmbH & Co. KG,Westring 24 Leopoldshöhe 33818,589000.0
Privat Brauerei Hohenfelde GmbH,Wiedenbrücker Str. 155 33449 Langenberg 33449,306000.0
Privat-Brauerei Heinrich Reissdorf GmbH & Co KG,Emil-Hoffmann Str. 04. Okt Koeln 50996,3932556.0
Privatmolkerei Naarmann GmbH,Wettringer Strasse 58 48485 Neuenkirchen 48485,16579021.0
Progroup Board GmbH, Emslandstraße 8-10 Schüttorf 48465,5178320.0
Propex Furnishings Solutions GmbH & Co. KG,Düppelstraße 16 Gronau 48599,2114856.0
Protein und Olewerk Neuss Gmbh & Co. KG,Industriestrasse 34 Neuss 41460,74859571.0
PuS Polyurethan-Elastomere GmbH & Co. KG,Kielweg 17 Diepholz 49356,1592164.0
Pure Ingredients Halal Produktion GmbH,Herrenpfad-Süd 46 Nettetal 41334,2676735.0
PÃ¶ppelmann GmbH & Co. KG Kunststoffwerk-Werkzeugbau,Bakumer StraÃe 73 Lohne 49393,19879566.0
Pöppelmann Kunststoff-Technik GmbH & Co. KG,Hermann-Staudinger-Str. 1 Lohne 49393,3713268.0
QVC eDistribution LLC & Co. KG,Porschestrasse 7 Hückelhoven 41836,2216500.0
R.D.M. Arnsberg GmbH,Hellefelder Str. 51 Arnsberg 59821,308495000.0
RAPS Fresh GmbH,Rothenfelder Str. 57 Versmold 33775,2012909.0
RCS Rohstoffverwertung GmbH,Capeller Strasse 147 Werne 59368,290080.0
REMONDIS GmbH & Co. KG Region Rheinland,Tonstraße 1 Erftstadt 50374,4297276.0
RETERRA Service GmbH,Tonstraße 1a Erftstadt 50374,2200000.0
RETERRA West GmbH 6 Co. KG,Brink 37 c Coesfeld 48653,5476635.0
RHI Magnesita Bochum GmbH,Dr.-C.-Otto-Str. 222 Bochum 44879,12529135.0
RIKUTEC Germany GmbH & Co. KG,Graf-Zeppelin-Str. 1-5 Altenkirchen 57610,295240.0
RKW SE,Am Windmühlenstein 15 Kalefeld 37589,17122074.0
ROKIS Rohr- und Kanalreingungsschnelldienst GmbH,Widdersdorfer Straße 211 Köln 50825,81000.0
RP Verpackung GmbH,Barentsstraße 10 Euskirchen 53881,2857965.0
RRK Wellpappenfabrik GmbH & Co.Kg,Scharnhölzstr.340 - 342 Bottrop 46240,3439000.0
RWE Generation SE,Schüttorfer Straße 100 Lingen 49808,3620942731.114
RWE Power AG,Am Kraftwerk 17 Eschweiler 52249,471000000.0
Radium Lampenwerk GmbH,Dr.-Eugen-Kersting-Straße 6 Wipperfürth 51688,522000.0
Raiffeisen Kraftfutterwerke Mittelweser Heide GmbH (OWL),Zum Industriehafen 20 Minden 32423,1365836.0
Rain Carbon Germany GmbH Castrop-Rauxel,Kekuléstraße 30 Castrop-Rauxel 44579,10591804.0
Rebotec Rehabilitationsmittel GmbH,Artlandstr. 57-59 Quakenbrück 49610,1244830.0
Recker Ziegelwerk Berentelg & Hebrok OHG,Mettinger Straße 135 Recke 49509,64335000.0
Reflex GmbH & Co. KG,Veldener Straße 121-131 Düren 52349,26641511.0
Refratechnik Cement GmbH,Rudolf-Winkel-Str. 1 Göttingen 37097,8430146.0
Refratechnik Ceramics GmbH,Barkhausener Str. 55 Melle 49328,1341396.0
Refresco Deutschland GmbH,Peter-May-Straße 27 Erftstadt 50374,4104211.0
Refresco Nord GmbH,Im Rüsken 22 Löhne 32584,1624560.0
Reifenhäuser Reicofil GmbH & Co. KG,Spicher Str. 46 Troisdorf 53844,800000.0
Reifenhäuser Reiloy GmbH,Spicher Str. 46 Troisdorf 53844,1926197.0
Reinhard Tweer GmbH,Krackser Str. 191 Bielefeld 33689,14946004.0
Reinhold Mendritzki Kaltwalzwerk GmbH & Co KG,Herscheider Str. 102 Plettenberg 58840,31914877.0
Rendac Icker GmbH & Co. KG,Engterstraße 101 Belm-Icker 49191,75286164.0
Renold GmbH,Juliusmühle 3 Einbeck 37586,6970967.0
Rexnord Kette GmbH,Industriestraße 1 Betzdorf 57518,7619000.0
Rhein-Maas Klinikum GmbH,Mauerfeldchen 25 Würselen 52146,1816698.0
RheinEnergie AG,Ostmerheimer Straße 557 Köln 51109,312431720.0
Rheinisch-Bergische Druckerei GmbH,Zülpicher Straße 10 Düsseldorf 40549,3544403.0
Rheinkalk GmbH,Meiersberger Str. 91 Wülfrath 42489,429062857.0
Rheinkalk Grevenbrück GmbH & Co. KG,Siegener Straße 1  Lennestadt 57368,2997200.0
Rhenus Lub GmbH & Co KG,Hamburgring 45 Mönchengladbach 41179,3825000.0
Rhiem & Sohn Kies und Sand GmbH & Co. KG,Luxemburger Straße 2a Erftstadt 50374,63000.0
RhönEnergie Effizienz + Service GmbH,Breitscheidstraße 58A-E Kassel 34119,48496.0
Ritzenhoff Cristal GmbH,Sametwiesen 2 Marsberg 34431,2735000.0
Rohr Frei Achternbosch GmbH,Daimlerstraße 12 Kaarst 41564,117000.0
Rondo Food GmbH & Co. KG,Magdeburger Str. 65 Krefeld 47800,3844721.0
Rothkötter MFW GmbH & Co. KG,Am Eurohafen 8 Haren 49733,11483059.0
Rottendorf Pharma GmbH,Am Fleigendahl 3 Ennigerloh 59320,14872767.0
Rudolf Hilgenroth Straßenbaustoffe und Transportbeton GmbH & Co. KG,Osterfeld 1 Sundern 59846,10000.0
Rudolf Rafflenbeul Stahlwarenfabrik GmbH & Co.KG,Eilper Str. 126-128 Hagen 58091,6161141.0
Ruhr Oel GmbH BP Gelsenkirchen,Johannastrasse 2 Gelsenkirchen 45899,5427950689.0
Röben Tonbaustoffe GmbH,Swalmerner Straße 3 Brüggen 41379,36418590.0
Röchling Industrial SE & Co. KG,Röchlingstraße 1 Haren 49733,35043083.0
Römerwall Naturbrunnen- und Getränke GmbH & Co. KG,Römerstraße 109 Duisburg 47179,4385668.0
SAINT-GOBAIN GLASS Deutschland GmbH,Glasstraße 1 Herzogenrath 52134,132640000.0
SAINT-GOBAIN RIGIPS GmbH,Feldhauser Str. 261 Gelsenkirchen-Scholven 45896,18600059.0
SARVAL Fischermanns GmbH,Vesmolder Straße 150 Dissen 49201,13821530.0
SCHMEES cast Pirna GmbH,Rudolf-Diesel-Weg 6-8 Langenfeld 40764,40000.0
SETEX-Textil GmbH,Frankenstraße 15 Hamminkeln 46499,10808149.0
SETEX-Textilveredlung-GmbH,Frankenstr. 4-5 Bocholt 46395,4194550.0
SGL CARBON GmbH,Drachenburgstrasse 1 Bonn 53179,5268000.0
SGL epo GmbH,Siemensring 24 Willich 47877,3480000.0
SIEGENIA-AUBI KG,Siemensstraße 10 Velbert 42551,1553500.0
SIEPMANN-WERKE GmbH & Co. KG,Emil-Siepmann-Straße 28 Warstein-Belecke 59581,12203522.0
SJG St. Paulus GmbH,Johannesstraße 9-17 Dortmund 44137,2507145.0
SMP Deutschland GmbH,Martin-Luther-Straße 30 Göttingen 37081,9000000.0
SMS group GmbH,Wiesenstraße 30 Hilchenbach 57271,1228203.0
SPARTHERM Feuerungstechnik GmbH,Maschweg 38 Melle 49324,307000.0
SRS EcoTherm GmbH,Neuenkirchener Str.8 Salzbergen 48499,45668176.0
SSK von Schaewen Hückeswagen GmbH,Stahlschmidtsbrücke 20 Hückeswagen 42499,12876307.0
SSK von Schaewen Wetter GmbH,Ruhrstraße 21 Wetter (Ruhr) 58300,11673522.0
STÄDTISCHES KLINIKUM SOLINGEN gemeinnützige GmbH,Gotenstrasse 1 Solingen 42653,1400198.0
SWARCO Vestglas Vestische Strahl-u.Reflexglas GmbH,Rumplerstraße 12 Recklinghausen 45659,30881330.0
Sachsenröder GmbH & Co.KG,Friedrich-Engels-Allee 143 Wuppertal 42285,1532780.0
Saint-Gobain Sekurit Deutschland GmbH,Glasstraße 1 Herzogenrath 52134,6907262.0
Saltigo GmbH,Alte Heerstraße Dormagen 41540,23841867.0
Salzgitter Mannesmann Grobblech GmbH,Sandstraße 140 Mülheim 45473,107556000.0
Sanders-Kauffmann GmbH,Maschstr. 2 Bramsche 49565,1496458.0
Santander Consumer Bank AG,Santander-Platz 1 Mönchengladbach 41061,2540761.0
Sattler Premium Print GmbH,Carl-Zeiss-Straße 4 Bad Oeynhausen 32549,923071.0
Sauerländer Spanplatten GmbH & Co. KG,Zur Schefferei 1 Arnsberg 59821,57901785.0
Savanna Ingredients GmbH,Dürener Straße 40 Elsdorf 50189,3062582.0
Schell GmbH u. Co. KG,Raiffeisenstr. 31 Olpe 57462,264765.0
Scherpel-Brot Gelsenkirchen GmbH & Co. KG,Ulrichstr. 13 Gelsenkirchen 45891,5183559.0
Schlachthof Badbergen GmbH,Bahnhofstraße 134 Badbergen 49635,1123200.0
Schmiedetechnik Plettenberg GmbH & Co. KG,Daimlerstraße 9 58840 Plettenberg 58840,28313897.0
Schne-frost Produktion GmbH & Co. KG, Vinner Weg 3 Löningen 49624,1614432.0
Schoellershammer GmbH,Kreuzauer Str. 18 Dueren 52355,357171017.0
Schomäcker Federnwerk GmbH,Borgholzhausener Straße 1 Melle 49324,2170000.0
Schunk Ingenieurkeramik GmbH,Hanns-Martin-Schleyer-Straße 5 Willich 47877,10642530.0
Schwering Türenwerk GmbH,Hermann-Schwering-Straße 1 Reken 48734,725206.0
Schwermetall Halbzeugwerk GmbH & Co.KG,Breiniger Berg 165 	Stolberg 52223,95626453.0
Schönmackers Umweltdienste GmbH & Co. KG,Oerschbachstraße 10 Düsseldorf 40599,8375187.0
Sels Oel + Fett GmbH & Co KG,Burgunderstraße 49 Düsseldorf 40549,3145624.0
Seuster KG,Tietmeckerweg 1 Lüdenscheid 58513,1849650.0
Shell Deutschland GmbH,Godorfer Hauptstraße 150 Köln 50997,11924034906.0
Siegfried Jacob Metallwerke Gmbh & Co. KG,Jacobstraße 41 - 45 Ennepetal 58256,750000.0
Siegfried PharmaChemikalien Minden GmbH,Karlstraße 15 Minden 32423,55425000.0
Siegwerk Druckfarben AG & Co. KGaA,Alfred-Keller-Strasse 55 Siegburg 53721,1762918.0
Siemens Energy Global GmbH & Co. KG,Rheinstrasse 100 Mülheim an der Ruhr 45478,6048000.0
Siemens Mobility GmbH,Duisburger Str. 145 Krefeld 47829,1876624.0
Siempelkamp Giesserei GmbH,Siempelkampstraße 45 Krefeld 47803,14741325.0
Siempelkamp Metallurgie GmbH,Siempelkampstraße 45 Krefeld 47803,696560.0
Sievert Baustoffe SE & Co. KG,Lippestraße 104-106 Marl-Brassert 45768,2736219.0
Signode System GmbH,Magnusstraße 18 Dinslaken 46553,3633729.0
Sihl GmbH,Kreuzauer Str. 33 Düren 52355,10102000.0
Silesia Gerhard Hanke GmbH & Co.KG,Wöhrmannstraße 18 Kalkar 47546,5441287.0
Simon Mackscheidt,Industriestraße 300 Hürth 50354,531879689.0
Sindra Übach-Palenberg GmbH & Co. KG,David-Hansemannstraße 1-25 Übach-Palenberg 52531,11877900.0
Smurfit Westrock GmbH,Kolumbusstrasse 33 Euskirchen 53881,4508000.0
Solarlux GmbH,Industriepark 1 Melle 49324,1943000.0
Sonac Lingen GmbH,Ulanenstraße 1-3 Lingen 49811,71767678.0
Sonac Versmold GmbH,Siedinghausen 19-21 Versmold 33775,7156234.0
Sonae Arauco Deutschland GmbH,Grecostr. 1 Meppen 49716,15157153.0
Speira GmbH,Aluminiumstraße 1 Grevenbroich 41515,187424239.0
Speira Recycling Services Germany GmbH,Aluminiumstraße 3 Grevenbroich 41515,53619251.0
Spezialzucker-Raffinerie Lage GmbH & Co. Betriebs-KG,Friedrich-Wienke-Straße 14 Lage 32791,1201000.0
Spie Energy Solutions GmbH,Glasstr. 1 Herzogenrath 52134,7971000.0
Spies Kunststoffe GmbH,Westerhasusener Straße 5 Melle 49326,23274574.0
Sprick GmbH & Co.,Orpethaler Straße 26 Diemelstadt 34474,15608318.0
Stadtwerke Düsseldorf AG,Behrenstraße 85 Düsseldorf 40233,910309032.0
Stadtwerke Eschwege GmbH,Südring 35 Eschwege 37269,287986.0
Stadtwerke Lünen GmbH,Altstadtstraße 23 Lünen 44534,1450000.0
Stadtwerke Marsberg,An den Kuckuckstannen 1 Marsberg-Leitmar 34431,977440.0
Stadtwerke Münster GmbH -zu Hd. d. Geschäftsführers-,Langenkamp 16 Münster 48163,65986858.0
Stahlrump GmbH & Co. KG,Scherlingstraße 82 Iserlohn 58640,451688.0
Stahlwerke Bochum GmbH,Castroper Straße 228 Bochum 44791,2122377.0
Starcke GmbH & Co. KG,Oldendorfer Straße 64 Melle 49324,3006401.0
Steag Power GmbH,Dr.-Wilhelm-Roelen-Straße 129 Duisburg 47179,12994819.0
Steeltec GmbH,Eupener Str. 70 Düsseldorf 40549,4778630.0
Steinemann Natur Partner GmbH & Co. KG,Bahnhofstr. 78/80 Steinfeld 49439,1839943.0
Steinhaus Gmbh,Tenter Weg 13 Remscheid 42897,670000.0
Stiebel Eltron GmbH & Co.KG,Dr.-Stiebel-Str. 33 Holzminden 37603,2747649.0
Stiftung Mathias-Spital Rheine,Große Straße 41 Ibbenbüren 49477,4296581.0
Storck Energie- und Versorgungsservice KG,Paulinenweg 12 Halle (Westf.) 33790,68771124.0
Storopack Deutschland GmbH + Co. KG,Auf der Lage 3 Vechta 49377,13263699.0
Städtische Werke Energie + Wärme GmbH,Dennhäuser Straße 122 Kassel 34134,20265776.0
Stöhr Bakery GmbH,Industriestraße 6 Dinklage 49413,110000.0
Sundwiger Messingwerk GmbH,Hoennetalstraße 110 Hemer 58675,24630754.0
Synthomer Deutschland GmbH,Paul-Baumannstraße 1 Marl 45772,2353000.0
Systec Plastics GmbH,Röntgenstraße 6 Hörstel 48477,4000000.0
TETRA GmbH,Herrenteich 78 Melle 49324,677700.0
THERMOTRAFFIC GmbH,"Im Industriegelände, 60-66 Versmold 33775",336170.0
THIMM Verpackung GmbH & Co KG,Stahlbaustraße 9 Castrop-Rauxel 44577,5565682.0
TMD Friction Services GmbH,Schlebuscher Str. 99 Leverkusen 51381,32162400.0
TOKAI ERFTCARBON GmbH,Aluminiumstrasse 4 Grevenbroich 41515,18990000.0
TPR Fiberdur GmbH & Co. KG,Galileo-Allee 6 Aldenhoven 52457,1275000.0
TROCELLEN GmbH,Mülheimer Str. 26 Troisdorf 53840,2299900.0
Takasago Europe GmbH,Industriestr. 40 Zülpich 53909,1942518.7423
Tapetenfabrik Gebr. Rasch GmbH und Co. KG,Raschplatz 1 Bramsche 49565,8901968.0
Technische Betriebe Solingen,Sandstr. 16a Solingen 42655,26980000.0
Technoform Bautec Kunststoffprodukte GmbH,Hannoversche Straße 2 Kassel 34134,1052925.0
Technoform Glass Insulation GmbH,Matthäus-Merian-Straße 6 Lohfelden 34253,243488.0
Tente-Rollen GmbH,Herrlinghausen 75 Wermelskirchen 42929,2205000.0
The Coatinc Company Holding GmbH,Carolinenglückstraße 6-10 Bochum 44793,4654000.0
The Family Butchers Germany GmbH,Mittel-Loxten 37 Versmold 33775,107000.0
Thermo Electron LED GmbH,Am Kalkberg 1 Osterode 37520,2830000.0
Thiele GmbH & Co. KG,Werkstr. 3 Iserlohn 58640,345079.0
Thomas Smarsly,Albert Einstein Str 13 Grafschaft 53881,34221706.0
ThyssenKrupp Electrical Steel Werk Gelsenkirchen,Kurt-Schumacher-Str.95 Gelsenkirchen 45881,51675000.0
Tillman's Convenience GmbH,In der Mark 2 Rheda-Wiedenbrück 33378,4820593.0
Topas Advanced Polymers GmbH,Otto-Roelen-Str. 3 Oberhausen 46147,5736602.0
Transgourmet Deutschland GmbH & Co. OHG,Europa-Allee 35 Frechen 50226,33407895.0
Trianel Gaskraftwerk Hamm GmbH & Co.KG,Trianelstr. 1 Hamm 59071,829593171.0
Trützschler Group SE,Duvenstr. 82-92 Mönchengladbach 41199,1397556.0
TÜV NORD Mobilität & Co.KG,Adlerstraße 7 Essen 45307,20643.45
Tönnies Lebensmittel GmbH & Co. KG,In der Mark 2 Rheda-Wiedenbrück 33378,25139275.0
UNIFERM GmbH & Co. KG,Industriestraße 2 Monheim 40789,166133218.0
UNIQFOOD GmbH,Münsterstraße 9-15 Hilter 49176,8216000.0
Universal Polythex Kunststoffe GmbH,Friedrich-Ebert-Straße 15 Übach-Palenberg 52531,2748000.0
Universitätsklinikum Bonn AöR,Venusberg-Campus 1 Bonn 53127,6428940.0
Universitätsklinikum Düsseldorf AöR,Moorenstraße 5 Düsseldorf 40225,17788050.5082
Universitätsklinikum Münster AöR,Albert-Schweitzer-Campus 1 Münster 48149,9553001.0
VDM Metals GmbH,Kleffstraße 23 Altena 58762,115997209.0
VITAQUA GmbH,Otto-Hahn-Straße 1 Breuna 34479,8698680.0
VS GmbH & Co. KG,Parallelstrasse 17 Solingen 42719,5269055.0
VTN Witten GmbH,Stockumer Straße 28 Witten 58453,1086700.0
VW Osnabrück GmbH,Karmannstraße 1 Osnabrück 49084,15487949.0
Velener Textil GmbH,Industriestr. 16 Velen 46342,1577547.0
Venator Uerdingen GmbH,Rheinuferstrasse 7 Krefeld 47829,56989326.0
Veolia Industriepark Deutschland GmbH,Kreuzauer Straße 46 Düren  52355,18596950.0
Verallia Deutschland AG,Ruhrglasstraße 50 Essen 45329,94250252.0
Verzinkerei Freudenberg GmbH,Asdorfer Straße 138 Freudenberg 57358,1254000.0
Verzinkerei Heek GmbH & Co. KG,Röntgenstraße 1 Heek 48619,5684311.0
Verzinkerei Stadtlohn GmbH & Co. KG,Siemensstraße 1 Stadtlohn 48703,3302788.0
Vestische Caritas Kliniken GmbH,Rottstr. 11 Datteln 45711,1693794.0
Vestolit GmbH,Paul-Baumann-Str. 1 Marl 45772,252239917.0
Vierlande Food-Service GmbH,Kartoffelweg 1 Essen/ Addrup 49632,1943423.0
Vincenz Wiederholt GmbH,Wiederholtstraße 1 Holzwickede 59439,9649050.0
Volkswagen Aktiengesellschaft,Dr. Rudolf Leiding Platz 1 Baunatal 34219,203368838.571
Voltavision GmbH,"Meesmannstraße 103/Gebäude O,  Bochum 44807",5929017.0
Vorwerk Elektrowerke GmbH & Co. KG,Blombacher Bach 3 Wuppertal 42270,3414889.0
Vossko GmbH&Co.KG,Vossko-Allee 1 Ostbevern 48346,3466000.0
W. Gröning GmbH & Co. KG,Gröningstr. 23 Rheine 48432,1551400.0
W. Schildmeyer GmbH & Co. KG,Loher Busch 48 Bad Oeynhausen 32545,1810607.0
WAGO GmbH & Co. KG,Hansastraße 27 Minden 32423,7306495.0
WDR mediagroup GmbH,Ludwigstraße 11 Köln 50667,1740000.0
WEPA Deutschland GmbH & Co. KG,Rönkhauserstr 26 Arnsberg 59757,38554000.0
WERZALIT Deutschland GmbH,Bahnhofstr. 45 Niederorschel 37355,6574290.0
WHW Langenfeld GmbH & Co. KG,Friedrich-Krupp-Str. 12 Langenfeld 40764,1508359.0
WIDI Energie GmbH,Paulmannshöher Str. 21 Lüdenscheid 58515,1210485.0
WIDI Wirtschaftsdienste Hellersen GmbH,Paulmannshöher Straße 21 Lüdenscheid 58515,518000.0
WIIT AG,Am Gatherhof 44 Düsseldorf 40472,9000000.0
WW-K Warmwalzwerk Königswinter GmbH,Am Ziegelofen 22 Königswinter 53639,1638847.64
Walter Hillebrand GmbH & Co. KG Galvanotechnik,Westerhaar 34-36 Wickede 58739,11312211.0
Walter Rau Neusser Öl und Fett AG,Industriestraße 36-40 Neuss 41460,50144000.0
Walterscheid GmbH,Hauptstraße 150 Lohmar 53797,2431544.0
Walzwerke Einsal GmbH,Altenaer Str. 85 Nachrodt 58769,1036000.0
Wandel Packaging Group Blow Moulding GmbH,Wandelstraße 1 Steinheim 32839,1398304.0
Warsteiner Brauerei Haus Cramer KG,Domring 4-10 Warstein 59581,17337707.0
Weck glass and packaging GmbH,Alter Heerweg 2 Bonn 53123,12348300.0
Weidemark Fleischwaren GmbH & Co. KG,Industriestraße 11 Sögel 49751,7761210.0
Weiling GmbH,Erlenweg 134 Coesfeld 48653,776148.0
Weiss-Druck GmbH & Co. KG,Hans-Georg-Weiss-Straße 7 Monschau 52156,24418427.0
Wela Plast GmbH,Westerriede 11 Goldenstedt 49424,3150000.0
Wernsing Feinkost GmbH,Kartoffelweg 1 Addrup-Essen/Oldb. 49632,94763931.0
Weseke Dragees GmbH,Nordvelener Straße 20 Borken-Weseke 46325,2239000.0
Wespa Metallsägenfabrik Simonds Industries GmbH,Spangenberger Straße 61 Melsungen 34212,1269483.0
West Pharmaceutical Services Deutschland GmbH & Co. KG,Stolberger Str. 21-41 Eschweiler 52249,16481000.0
Westcrown GmbH,Dieter-Fuchs-Straße 05. Sep Dissen a. T.W. 49201,5029064.0
Westerwälder Holzpellets GmbH,Schulweg 8-14 Langenbach 57520,9680273.0
WestfalenLand Fleischwaren GmbH,Hessenweg 2 Münster 48157,57656254.0
Westfalia-Automotive GmbH,Am Sandberg 45 Rheda-Wiedenbrück 33378,1350968.0
Westfleisch SCE mbH,Stockum 2 Coesfeld 48653,138930878.1947
Westfälische Drahtindustrie Hamm GmbH,Wilhelmstr.7 Hamm 59067,416876.0
Westfälische Fleischwarenfabrik Stockmeyer GmbH,Stockmeyer-Straße 1 Sassenberg 48336,5554000.0
Westfälische Kuststofftechnik GmbH,Hombergstrasse 11-13 Sprockhövel 45549,3780000.0
Westlake Epoxy GmbH Standort Duisburg,Varzinerstraße  49 Duisburg 47138,174684.0
Westlake Vinnolit GmbH & Co. KG,Industriestraße 300 Hürth 50354,639575205.0
Westphal Schlachthof GmbH,Dieselstraße 89 Herzebrock- Clarholz 33442,100904.0
Wickeder Westfalenstahl GmbH,Hauptstraße 6 Wickede 58739,6476465.0
Wiehenenergie Handels- und Versorgungsgesellschaft mbH,Sonnenbrede 4 Bad Oeynhausen Volmerdingsen 32549,2142722.0
"Wieland-Werke AG, Standort Velbert",Ziegeleiweg 20 Velbert 42555,875000.0
Wienerberger GmbH,Osnabrücker Straße 67 Bramsche 49565,23546149.0
Wilh. Wülfing GmbH & Co. KG,Weseler Landstr. 26 Borken 46325,4040386.0
Wilh. Wülfing Produktionsges. mbH & Co. KG,Weseler Landstr. 26 Borken 46325,513004.0
Wilhelm Alte GmbH,Am Eisenwerk 18 Plettenberg 58840,2639000.0
Wilhelm Schröder GmbH,Rammberger Weg 5-10 Herscheid 58849,2206449.0
Willms Fleisch GmbH,Carl-Zeiss-Strasse 10 Wiehl 51674,30312967.0
Windmöller und Hölscher KG,Ringeler Straße 14 Lengerich 49525,1185973.0
Winning BLW,Friemersheimerstr. 40 Duisburg 47249,21285114.0
Wintershall Dea Deutschland GmbH,Ölstraße 58 Emlichheim 49824,13544523.0
Wischemann Kunststoff GmbH,Kruppstraße 5 Salzbergen 48499,2083000.0
Wunderlich TECH GmbH,An der Bahn 84 Osterode am Harz 37520,956195.0
Wärmetechnik Halver GmbH,Hagener Straße 41 Halver 58553,12707550.0
Wüsthof GmbH,Lindgesfeld 14-16 Solingen 42653,197170.0
Xella Baustoffwerke Rhein-Ruhr GmbH,Prozessionsweg 120 Haltern 45721,3294000.0
Xella Deutschland GmbH,Niederkasseler Straße 28-30 Köln 51147,713000.0
YNCORIS,Industriestraße 300 Knapsack 50354,1088803685.0
ZF Friedrichshafen AG,Bogestraße 50 Eitorf 53783,5475904.0
Zalando Logistics Mönchengladbach SE & Co. KG,Regioparkring 25 Mönchengladbach 41199,3446013.0
Zentis Fruchtwelt GmbH & Co. KG,Jülicher Straße 177 Aachen 52070,14439000.0
Zerhusen Kartonagen GmbH,Industriestraße 9 Damme 49401,1671668.0
Ziegelwerk H. u. J. Iking GmbH + Co.KG,Estern 60 Stadtlohn 48703,3000000.0
agron GmbH & Co KG,Industriestr. 23 Sögel 49751,1248500.0
apt Extrusions GmbH & Co. KG,Daimlerstraße 10 Monheim 40789,4207277.0
aquatherm GmbH,Biggen 5 Attendorn 57439,7527000.0
bugatti GmbH,Waltgeristraße 1-5 Herford 32049,211590.0
cunova GmbH,Klosterstraße 29 Osnabrück 49074,3267763.0
hpg plastics GmbH,Anna-Schlinkheider-Straße 3 Ratingen 40878,1087084.0
mbw GmbH metallveredelung,Hullerser Landstraße 16-18 Einbeck 37574,2970116.0
medl GmbH,Wertgasse 30 Mülheim an der Ruhr 45468,27622641.0
microca Kohlenstäube GmbH,Frydagstraße 42 Lünen 44536,8577953.0
nobilia-Werke J. Stickling GmbH & Co. KG,Waldstraße 56 Verl 33415,2854000.0
oso precision GmbH,In den Hofwiesen 13 58840 Plettenberg 58840,10433965.0
thyssenkrupp Automotive Systems GmbH,Münchener Str. 100C Essen 45289,1977533.0
thyssenkrupp Bilstein GmbH,August-Bilstein-Str. 4 Ennepetal 58256,778000.0
thyssenkrupp Federn und Stabilisatoren GmbH,Oeger Str. 85 Hagen 58119,1264000.0
thyssenkrupp Hohenlimburg GmbH,Oeger Strasse 120 Hagen 58119,303031337.0
tk Services GmbH SL/RE,ThyssenKrupp Allee 1 Essen 45143,5067231.0
voestalpine Böhler Welding Germany GmbH,Hafenstr. 21 Hamm 59067,8040000.0
